CCAA,YEAR,TRIMESTRE,VALOR,VAR_INTERTRIMESTRAL
ANDALUCIA,1976,3,9.35,0
ANDALUCIA,1976,4,10.04,0.69
ANDALUCIA,1977,1,10.19,0.15
ANDALUCIA,1977,2,10.86,0.67
ANDALUCIA,1977,3,11.52,0.66
ANDALUCIA,1977,4,11.72,0.2
ANDALUCIA,1978,1,12.01,0.29
ANDALUCIA,1978,2,11.96,-0.05
ANDALUCIA,1978,3,12.22,0.26
ANDALUCIA,1978,4,13.88,1.66
ANDALUCIA,1979,1,13.23,-0.65
ANDALUCIA,1979,2,13.33,0.1
ANDALUCIA,1979,3,14.18,0.85
ANDALUCIA,1979,4,14.64,0.46
ANDALUCIA,1980,1,16.92,2.28
ANDALUCIA,1980,2,17.33,0.41
ANDALUCIA,1980,3,17.37,0.04
ANDALUCIA,1980,4,18.02,0.65
ANDALUCIA,1981,1,19.22,1.2
ANDALUCIA,1981,2,20.09,0.87
ANDALUCIA,1981,3,19.57,-0.52
ANDALUCIA,1981,4,20.3,0.73
ANDALUCIA,1982,1,21.26,0.96
ANDALUCIA,1982,2,19.85,-1.41
ANDALUCIA,1982,3,20.47,0.62
ANDALUCIA,1982,4,20.57,0.1
ANDALUCIA,1983,1,21.42,0.85
ANDALUCIA,1983,2,21.94,0.52
ANDALUCIA,1983,3,22.31,0.37
ANDALUCIA,1983,4,23.98,1.67
ANDALUCIA,1984,1,27.94,3.96
ANDALUCIA,1984,2,28.83,0.89
ANDALUCIA,1984,3,28.9,0.07
ANDALUCIA,1984,4,29.95,1.05
ANDALUCIA,1985,1,27.99,-1.96
ANDALUCIA,1985,2,30.26,2.27
ANDALUCIA,1985,3,29.63,-0.63
ANDALUCIA,1985,4,30.83,1.2
ANDALUCIA,1986,1,30.07,-0.76
ANDALUCIA,1986,2,29.9,-0.17
ANDALUCIA,1986,3,29.74,-0.16
ANDALUCIA,1986,4,30.63,0.89
ANDALUCIA,1987,1,29.82,-0.81
ANDALUCIA,1987,2,30.45,0.63
ANDALUCIA,1987,3,31.53,1.08
ANDALUCIA,1987,4,30.16,-1.37
ANDALUCIA,1988,1,27.89,-2.27
ANDALUCIA,1988,2,28.66,0.77
ANDALUCIA,1988,3,30.3,1.64
ANDALUCIA,1988,4,27.86,-2.44
ANDALUCIA,1989,1,27.73,-0.13
ANDALUCIA,1989,2,26.9,-0.83
ANDALUCIA,1989,3,26.1,-0.8
ANDALUCIA,1989,4,27.26,1.16
ANDALUCIA,1990,1,25.71,-1.55
ANDALUCIA,1990,2,25.71,0
ANDALUCIA,1990,3,24.8,-0.91
ANDALUCIA,1990,4,25.88,1.08
ANDALUCIA,1991,1,25.05,-0.83
ANDALUCIA,1991,2,24.47,-0.58
ANDALUCIA,1991,3,26.8,2.33
ANDALUCIA,1991,4,26.63,-0.17
ANDALUCIA,1992,1,26.66,0.03
ANDALUCIA,1992,2,26.88,0.22
ANDALUCIA,1992,3,28.44,1.56
ANDALUCIA,1992,4,30.74,2.3
ANDALUCIA,1993,1,31.86,1.12
ANDALUCIA,1993,2,32.32,0.46
ANDALUCIA,1993,3,33.63,1.31
ANDALUCIA,1993,4,34.08,0.45
ANDALUCIA,1994,1,34.24,0.16
ANDALUCIA,1994,2,34.46,0.22
ANDALUCIA,1994,3,34.76,0.3
ANDALUCIA,1994,4,34.9,0.14
ANDALUCIA,1995,1,33.49,-1.41
ANDALUCIA,1995,2,33.28,-0.21
ANDALUCIA,1995,3,34.83,1.55
ANDALUCIA,1995,4,34.04,-0.79
ANDALUCIA,1996,1,32.87,-1.17
ANDALUCIA,1996,2,32.34,-0.53
ANDALUCIA,1996,3,32.38,0.04
ANDALUCIA,1996,4,31.8,-0.58
ANDALUCIA,1997,1,30.57,-1.23
ANDALUCIA,1997,2,31.37,0.8
ANDALUCIA,1997,3,32.34,0.97
ANDALUCIA,1997,4,31.66,-0.68
ANDALUCIA,1998,1,28.53,-3.13
ANDALUCIA,1998,2,29.39,0.86
ANDALUCIA,1998,3,29.76,0.37
ANDALUCIA,1998,4,28.84,-0.92
ANDALUCIA,1999,1,27.29,-1.55
ANDALUCIA,1999,2,25.58,-1.71
ANDALUCIA,1999,3,26.32,0.74
ANDALUCIA,1999,4,26.33,0.01
ANDALUCIA,2000,1,25.04,-1.29
ANDALUCIA,2000,2,24.18,-0.86
ANDALUCIA,2000,3,24.54,0.36
ANDALUCIA,2000,4,22.75,-1.79
ANDALUCIA,2001,1,18.87,-3.88
ANDALUCIA,2001,2,18.15,-0.72
ANDALUCIA,2001,3,18.46,0.31
ANDALUCIA,2001,4,19.2,0.74
ANDALUCIA,2002,1,19.05,-0.15
ANDALUCIA,2002,1,18.95,-0.1
ANDALUCIA,2002,2,18.87,-0.08
ANDALUCIA,2002,2,18.62,-0.25
ANDALUCIA,2002,3,20.45,1.83
ANDALUCIA,2002,3,20.26,-0.19
ANDALUCIA,2002,4,20.34,0.08
ANDALUCIA,2002,4,20.15,-0.19
ANDALUCIA,2003,1,19,-1.15
ANDALUCIA,2003,2,17.95,-1.05
ANDALUCIA,2003,3,18.5,0.55
ANDALUCIA,2003,4,18.35,-0.15
ANDALUCIA,2004,1,17.15,-1.2
ANDALUCIA,2004,2,17.36,0.21
ANDALUCIA,2004,3,17.47,0.11
ANDALUCIA,2004,4,15.99,-1.48
ANDALUCIA,2005,1,14.29,-1.7
ANDALUCIA,2005,2,13.71,-0.58
ANDALUCIA,2005,3,13.5,-0.21
ANDALUCIA,2005,4,13.8,0.3
ANDALUCIA,2006,1,13.31,-0.49
ANDALUCIA,2006,2,12.53,-0.78
ANDALUCIA,2006,3,12.43,-0.1
ANDALUCIA,2006,4,12.22,-0.21
ANDALUCIA,2007,1,12.52,0.3
ANDALUCIA,2007,2,11.95,-0.57
ANDALUCIA,2007,3,12.57,0.62
ANDALUCIA,2007,4,13.96,1.39
ANDALUCIA,2008,1,14.78,0.82
ANDALUCIA,2008,2,16.16,1.38
ANDALUCIA,2008,3,18.21,2.05
ANDALUCIA,2008,4,21.66,3.45
ANDALUCIA,2009,1,23.94,2.28
ANDALUCIA,2009,2,25.26,1.32
ANDALUCIA,2009,3,25.51,0.25
ANDALUCIA,2009,4,26.27,0.76
ANDALUCIA,2010,1,27.05,0.78
ANDALUCIA,2010,2,27.62,0.57
ANDALUCIA,2010,3,28.38,0.76
ANDALUCIA,2010,4,28.04,-0.34
ANDALUCIA,2011,1,29.37,1.33
ANDALUCIA,2011,2,29.45,0.08
ANDALUCIA,2011,3,30.69,1.24
ANDALUCIA,2011,4,31.01,0.32
ANDALUCIA,2012,1,32.9,1.89
ANDALUCIA,2012,2,33.59,0.69
ANDALUCIA,2012,3,35.21,1.62
ANDALUCIA,2012,4,35.71,0.5
ANDALUCIA,2013,1,36.77,1.06
ANDALUCIA,2013,2,35.67,-1.1
ANDALUCIA,2013,3,36.19,0.52
ANDALUCIA,2013,4,36.26,0.07
ANDALUCIA,2014,1,34.94,-1.32
ANDALUCIA,2014,2,34.74,-0.2
ANDALUCIA,2014,3,35.21,0.47
ANDALUCIA,2014,4,34.23,-0.98
ANDALUCIA,2015,1,33.62,-0.61
ANDALUCIA,2015,2,30.98,-2.64
ANDALUCIA,2015,3,31.73,0.75
ANDALUCIA,2015,4,29.83,-1.9
ANDALUCIA,2016,1,29.7,-0.13
ANDALUCIA,2016,2,29.07,-0.63
ANDALUCIA,2016,3,28.52,-0.55
ANDALUCIA,2016,4,28.25,-0.27
ANDALUCIA,2017,1,26.94,-1.31
ANDALUCIA,2017,2,25.24,-1.7
ANDALUCIA,2017,3,25.41,0.17
ANDALUCIA,2017,4,24.43,-0.98
ANDALUCIA,2018,1,24.74,0.31
ANDALUCIA,2018,2,23.09,-1.65
ANDALUCIA,2018,3,22.85,-0.24
ARAGON,1976,3,2.54,0
ARAGON,1976,4,2.65,0.11
ARAGON,1977,1,2.39,-0.26
ARAGON,1977,2,2.37,-0.02
ARAGON,1977,3,2.78,0.41
ARAGON,1977,4,3.2,0.42
ARAGON,1978,1,3.78,0.58
ARAGON,1978,2,4.35,0.57
ARAGON,1978,3,5.1,0.75
ARAGON,1978,4,5.91,0.81
ARAGON,1979,1,5.98,0.07
ARAGON,1979,2,5.9,-0.08
ARAGON,1979,3,7.14,1.24
ARAGON,1979,4,6.89,-0.25
ARAGON,1980,1,8.52,1.63
ARAGON,1980,2,7.93,-0.59
ARAGON,1980,3,9.31,1.38
ARAGON,1980,4,8.71,-0.6
ARAGON,1981,1,10,1.29
ARAGON,1981,2,11.81,1.81
ARAGON,1981,3,12.15,0.34
ARAGON,1981,4,13.2,1.05
ARAGON,1982,1,12.17,-1.03
ARAGON,1982,2,11.58,-0.59
ARAGON,1982,3,13,1.42
ARAGON,1982,4,12.1,-0.9
ARAGON,1983,1,13.59,1.49
ARAGON,1983,2,12.79,-0.8
ARAGON,1983,3,13.46,0.67
ARAGON,1983,4,14.89,1.43
ARAGON,1984,1,14.55,-0.34
ARAGON,1984,2,15.42,0.87
ARAGON,1984,3,15.19,-0.23
ARAGON,1984,4,15.6,0.41
ARAGON,1985,1,17.78,2.18
ARAGON,1985,2,17.99,0.21
ARAGON,1985,3,16.83,-1.16
ARAGON,1985,4,16.42,-0.41
ARAGON,1986,1,16.91,0.49
ARAGON,1986,2,16.56,-0.35
ARAGON,1986,3,15.64,-0.92
ARAGON,1986,4,14.88,-0.76
ARAGON,1987,1,15.27,0.39
ARAGON,1987,2,12.59,-2.68
ARAGON,1987,3,13.65,1.06
ARAGON,1987,4,14.52,0.87
ARAGON,1988,1,15.33,0.81
ARAGON,1988,2,13.83,-1.5
ARAGON,1988,3,12.76,-1.07
ARAGON,1988,4,13.82,1.06
ARAGON,1989,1,13.28,-0.54
ARAGON,1989,2,11.82,-1.46
ARAGON,1989,3,11.59,-0.23
ARAGON,1989,4,11.93,0.34
ARAGON,1990,1,10.82,-1.11
ARAGON,1990,2,9.31,-1.51
ARAGON,1990,3,8.9,-0.41
ARAGON,1990,4,9.11,0.21
ARAGON,1991,1,9.41,0.3
ARAGON,1991,2,9.37,-0.04
ARAGON,1991,3,10.49,1.12
ARAGON,1991,4,10.94,0.45
ARAGON,1992,1,11.99,1.05
ARAGON,1992,2,11.07,-0.92
ARAGON,1992,3,12.21,1.14
ARAGON,1992,4,13.95,1.74
ARAGON,1993,1,15.68,1.73
ARAGON,1993,2,16.34,0.66
ARAGON,1993,3,17.74,1.4
ARAGON,1993,4,18.05,0.31
ARAGON,1994,1,19.77,1.72
ARAGON,1994,2,18.34,-1.43
ARAGON,1994,3,17.7,-0.64
ARAGON,1994,4,17.4,-0.3
ARAGON,1995,1,16.33,-1.07
ARAGON,1995,2,16.23,-0.1
ARAGON,1995,3,15.66,-0.57
ARAGON,1995,4,16.01,0.35
ARAGON,1996,1,16.37,0.36
ARAGON,1996,2,15.35,-1.02
ARAGON,1996,3,14.83,-0.52
ARAGON,1996,4,14.57,-0.26
ARAGON,1997,1,14.9,0.33
ARAGON,1997,2,14.27,-0.63
ARAGON,1997,3,14.02,-0.25
ARAGON,1997,4,13.01,-1.01
ARAGON,1998,1,12.25,-0.76
ARAGON,1998,2,11.31,-0.94
ARAGON,1998,3,10.85,-0.46
ARAGON,1998,4,11.06,0.21
ARAGON,1999,1,11.03,-0.03
ARAGON,1999,2,9.7,-1.33
ARAGON,1999,3,7.91,-1.79
ARAGON,1999,4,8.17,0.26
ARAGON,2000,1,7.61,-0.56
ARAGON,2000,2,6.94,-0.67
ARAGON,2000,3,6.83,-0.11
ARAGON,2000,4,7.41,0.58
ARAGON,2001,1,4.95,-2.46
ARAGON,2001,2,4.99,0.04
ARAGON,2001,3,4.9,-0.09
ARAGON,2001,4,5.12,0.22
ARAGON,2002,1,5.32,0.2
ARAGON,2002,1,5.42,0.1
ARAGON,2002,2,5.85,0.43
ARAGON,2002,2,5.86,0.01
ARAGON,2002,3,5.52,-0.34
ARAGON,2002,3,5.57,0.05
ARAGON,2002,4,6.52,0.95
ARAGON,2002,4,6.54,0.02
ARAGON,2003,1,7.38,0.84
ARAGON,2003,2,6.74,-0.64
ARAGON,2003,3,5.88,-0.86
ARAGON,2003,4,6.53,0.65
ARAGON,2004,1,6.82,0.29
ARAGON,2004,2,5.52,-1.3
ARAGON,2004,3,4.73,-0.79
ARAGON,2004,4,5.56,0.83
ARAGON,2005,1,6.16,0.6
ARAGON,2005,2,6.43,0.27
ARAGON,2005,3,5.23,-1.2
ARAGON,2005,4,5.76,0.53
ARAGON,2006,1,6.29,0.53
ARAGON,2006,2,5.75,-0.54
ARAGON,2006,3,5.08,-0.67
ARAGON,2006,4,4.99,-0.09
ARAGON,2007,1,5.76,0.77
ARAGON,2007,2,5.36,-0.4
ARAGON,2007,3,4.98,-0.38
ARAGON,2007,4,5.12,0.14
ARAGON,2008,1,6.09,0.97
ARAGON,2008,2,6.93,0.84
ARAGON,2008,3,6.41,-0.52
ARAGON,2008,4,9.71,3.3
ARAGON,2009,1,13.31,3.6
ARAGON,2009,2,13.18,-0.13
ARAGON,2009,3,12.15,-1.03
ARAGON,2009,4,13.57,1.42
ARAGON,2010,1,15.24,1.67
ARAGON,2010,2,14.52,-0.72
ARAGON,2010,3,13.77,-0.75
ARAGON,2010,4,16.29,2.52
ARAGON,2011,1,18.04,1.75
ARAGON,2011,2,17.51,-0.53
ARAGON,2011,3,15.96,-1.55
ARAGON,2011,4,16.8,0.84
ARAGON,2012,1,18.37,1.57
ARAGON,2012,2,18.74,0.37
ARAGON,2012,3,18.83,0.09
ARAGON,2012,4,18.72,-0.11
ARAGON,2013,1,22.52,3.8
ARAGON,2013,2,22.04,-0.48
ARAGON,2013,3,20.38,-1.66
ARAGON,2013,4,20.59,0.21
ARAGON,2014,1,22.85,2.26
ARAGON,2014,2,20.83,-2.02
ARAGON,2014,3,18.36,-2.47
ARAGON,2014,4,18.65,0.29
ARAGON,2015,1,18.59,-0.06
ARAGON,2015,2,17,-1.59
ARAGON,2015,3,14.97,-2.03
ARAGON,2015,4,14.6,-0.37
ARAGON,2016,1,15.28,0.68
ARAGON,2016,2,15.27,-0.01
ARAGON,2016,3,14.88,-0.39
ARAGON,2016,4,13.53,-1.35
ARAGON,2017,1,13.32,-0.21
ARAGON,2017,2,11.39,-1.93
ARAGON,2017,3,10.5,-0.89
ARAGON,2017,4,11.37,0.87
ARAGON,2018,1,11.58,0.21
ARAGON,2018,2,9.97,-1.61
ARAGON,2018,3,9.87,-0.1
ASTURIAS,1976,3,3.08,0
ASTURIAS,1976,4,3.01,-0.07
ASTURIAS,1977,1,3.57,0.56
ASTURIAS,1977,2,3.87,0.3
ASTURIAS,1977,3,3.53,-0.34
ASTURIAS,1977,4,4.1,0.57
ASTURIAS,1978,1,4.64,0.54
ASTURIAS,1978,2,4.71,0.07
ASTURIAS,1978,3,5.41,0.7
ASTURIAS,1978,4,5.67,0.26
ASTURIAS,1979,1,6.96,1.29
ASTURIAS,1979,2,6.96,0
ASTURIAS,1979,3,7.39,0.43
ASTURIAS,1979,4,8.05,0.66
ASTURIAS,1980,1,7.58,-0.47
ASTURIAS,1980,2,7.9,0.32
ASTURIAS,1980,3,8.34,0.44
ASTURIAS,1980,4,9.81,1.47
ASTURIAS,1981,1,11.09,1.28
ASTURIAS,1981,2,11.19,0.1
ASTURIAS,1981,3,11.9,0.71
ASTURIAS,1981,4,12.83,0.93
ASTURIAS,1982,1,13.31,0.48
ASTURIAS,1982,2,13.73,0.42
ASTURIAS,1982,3,13.93,0.2
ASTURIAS,1982,4,13.86,-0.07
ASTURIAS,1983,1,14.86,1
ASTURIAS,1983,2,13.75,-1.11
ASTURIAS,1983,3,13.5,-0.25
ASTURIAS,1983,4,13.47,-0.03
ASTURIAS,1984,1,14.84,1.37
ASTURIAS,1984,2,15.12,0.28
ASTURIAS,1984,3,15.53,0.41
ASTURIAS,1984,4,17.15,1.62
ASTURIAS,1985,1,18.13,0.98
ASTURIAS,1985,2,18.51,0.38
ASTURIAS,1985,3,18.34,-0.17
ASTURIAS,1985,4,18.61,0.27
ASTURIAS,1986,1,18.9,0.29
ASTURIAS,1986,2,18.02,-0.88
ASTURIAS,1986,3,18.17,0.15
ASTURIAS,1986,4,19.21,1.04
ASTURIAS,1987,1,21.59,2.38
ASTURIAS,1987,2,19.45,-2.14
ASTURIAS,1987,3,19.76,0.31
ASTURIAS,1987,4,20.25,0.49
ASTURIAS,1988,1,20.81,0.56
ASTURIAS,1988,2,19.99,-0.82
ASTURIAS,1988,3,19.09,-0.9
ASTURIAS,1988,4,17.92,-1.17
ASTURIAS,1989,1,18.68,0.76
ASTURIAS,1989,2,17.38,-1.3
ASTURIAS,1989,3,17.07,-0.31
ASTURIAS,1989,4,18.89,1.82
ASTURIAS,1990,1,19.44,0.55
ASTURIAS,1990,2,17.46,-1.98
ASTURIAS,1990,3,16.09,-1.37
ASTURIAS,1990,4,16.95,0.86
ASTURIAS,1991,1,16.2,-0.75
ASTURIAS,1991,2,15.69,-0.51
ASTURIAS,1991,3,14.73,-0.96
ASTURIAS,1991,4,15.47,0.74
ASTURIAS,1992,1,16.13,0.66
ASTURIAS,1992,2,16.91,0.78
ASTURIAS,1992,3,16.56,-0.35
ASTURIAS,1992,4,17.69,1.13
ASTURIAS,1993,1,20.21,2.52
ASTURIAS,1993,2,20.33,0.12
ASTURIAS,1993,3,20.01,-0.32
ASTURIAS,1993,4,21.55,1.54
ASTURIAS,1994,1,22.48,0.93
ASTURIAS,1994,2,21.87,-0.61
ASTURIAS,1994,3,20.99,-0.88
ASTURIAS,1994,4,22.47,1.48
ASTURIAS,1995,1,22.1,-0.37
ASTURIAS,1995,2,21.22,-0.88
ASTURIAS,1995,3,19.46,-1.76
ASTURIAS,1995,4,18.64,-0.82
ASTURIAS,1996,1,20.29,1.65
ASTURIAS,1996,2,22.24,1.95
ASTURIAS,1996,3,20.78,-1.46
ASTURIAS,1996,4,20.41,-0.37
ASTURIAS,1997,1,21.85,1.44
ASTURIAS,1997,2,20.72,-1.13
ASTURIAS,1997,3,21,0.28
ASTURIAS,1997,4,20.24,-0.76
ASTURIAS,1998,1,20.35,0.11
ASTURIAS,1998,2,19.94,-0.41
ASTURIAS,1998,3,17.36,-2.58
ASTURIAS,1998,4,17.72,0.36
ASTURIAS,1999,1,18.55,0.83
ASTURIAS,1999,2,17.63,-0.92
ASTURIAS,1999,3,17.22,-0.41
ASTURIAS,1999,4,18.07,0.85
ASTURIAS,2000,1,18.74,0.67
ASTURIAS,2000,2,17.28,-1.46
ASTURIAS,2000,3,15.54,-1.74
ASTURIAS,2000,4,16.36,0.82
ASTURIAS,2001,1,8.88,-7.48
ASTURIAS,2001,2,8.16,-0.72
ASTURIAS,2001,3,7.11,-1.05
ASTURIAS,2001,4,6.8,-0.31
ASTURIAS,2002,1,9.18,2.38
ASTURIAS,2002,1,9.15,-0.03
ASTURIAS,2002,2,10.33,1.18
ASTURIAS,2002,2,10.28,-0.05
ASTURIAS,2002,3,9.48,-0.8
ASTURIAS,2002,3,9.67,0.19
ASTURIAS,2002,4,9.93,0.26
ASTURIAS,2002,4,10.12,0.19
ASTURIAS,2003,1,12.44,2.32
ASTURIAS,2003,2,10.82,-1.62
ASTURIAS,2003,3,11.8,0.98
ASTURIAS,2003,4,10.14,-1.66
ASTURIAS,2004,1,11.46,1.32
ASTURIAS,2004,2,10.34,-1.12
ASTURIAS,2004,3,9.25,-1.09
ASTURIAS,2004,4,10.24,0.99
ASTURIAS,2005,1,11.18,0.94
ASTURIAS,2005,2,10.68,-0.5
ASTURIAS,2005,3,8.99,-1.69
ASTURIAS,2005,4,9.3,0.31
ASTURIAS,2006,1,10.06,0.76
ASTURIAS,2006,2,8.09,-1.97
ASTURIAS,2006,3,9.41,1.32
ASTURIAS,2006,4,9.09,-0.32
ASTURIAS,2007,1,9.44,0.35
ASTURIAS,2007,2,9.1,-0.34
ASTURIAS,2007,3,7.13,-1.97
ASTURIAS,2007,4,8,0.87
ASTURIAS,2008,1,8.56,0.56
ASTURIAS,2008,2,7.84,-0.72
ASTURIAS,2008,3,7.6,-0.24
ASTURIAS,2008,4,10,2.4
ASTURIAS,2009,1,12.07,2.07
ASTURIAS,2009,2,13.94,1.87
ASTURIAS,2009,3,13.54,-0.4
ASTURIAS,2009,4,14.13,0.59
ASTURIAS,2010,1,16.6,2.47
ASTURIAS,2010,2,16.35,-0.25
ASTURIAS,2010,3,14.1,-2.25
ASTURIAS,2010,4,16.61,2.51
ASTURIAS,2011,1,18.16,1.55
ASTURIAS,2011,2,17.17,-0.99
ASTURIAS,2011,3,17.19,0.02
ASTURIAS,2011,4,18.84,1.65
ASTURIAS,2012,1,20.52,1.68
ASTURIAS,2012,2,21.12,0.6
ASTURIAS,2012,3,21.83,0.71
ASTURIAS,2012,4,23.82,1.99
ASTURIAS,2013,1,25.51,1.69
ASTURIAS,2013,2,24.56,-0.95
ASTURIAS,2013,3,24.15,-0.41
ASTURIAS,2013,4,22.29,-1.86
ASTURIAS,2014,1,22.75,0.46
ASTURIAS,2014,2,21.02,-1.73
ASTURIAS,2014,3,19.96,-1.06
ASTURIAS,2014,4,20.78,0.82
ASTURIAS,2015,1,18.99,-1.79
ASTURIAS,2015,2,20.15,1.16
ASTURIAS,2015,3,16.97,-3.18
ASTURIAS,2015,4,20.33,3.36
ASTURIAS,2016,1,19.5,-0.83
ASTURIAS,2016,2,19.29,-0.21
ASTURIAS,2016,3,17.05,-2.24
ASTURIAS,2016,4,14.59,-2.46
ASTURIAS,2017,1,14.23,-0.36
ASTURIAS,2017,2,13.03,-1.2
ASTURIAS,2017,3,12.95,-0.08
ASTURIAS,2017,4,14.64,1.69
ASTURIAS,2018,1,15.02,0.38
ASTURIAS,2018,2,13.1,-1.92
ASTURIAS,2018,3,13.45,0.35
BALEARES,1976,3,3.32,0
BALEARES,1976,4,4.49,1.17
BALEARES,1977,1,4.63,0.14
BALEARES,1977,2,4.11,-0.52
BALEARES,1977,3,3.49,-0.62
BALEARES,1977,4,4.31,0.82
BALEARES,1978,1,5.03,0.72
BALEARES,1978,2,4.29,-0.74
BALEARES,1978,3,3.68,-0.61
BALEARES,1978,4,4.43,0.75
BALEARES,1979,1,5.76,1.33
BALEARES,1979,2,4.03,-1.73
BALEARES,1979,3,4.17,0.14
BALEARES,1979,4,5.36,1.19
BALEARES,1980,1,7.48,2.12
BALEARES,1980,2,8.39,0.91
BALEARES,1980,3,6.04,-2.35
BALEARES,1980,4,10.13,4.09
BALEARES,1981,1,11.1,0.97
BALEARES,1981,2,9.93,-1.17
BALEARES,1981,3,7.66,-2.27
BALEARES,1981,4,11.2,3.54
BALEARES,1982,1,13.67,2.47
BALEARES,1982,2,10.35,-3.32
BALEARES,1982,3,8.95,-1.4
BALEARES,1982,4,14.01,5.06
BALEARES,1983,1,15.97,1.96
BALEARES,1983,2,13.15,-2.82
BALEARES,1983,3,11.67,-1.48
BALEARES,1983,4,14.92,3.25
BALEARES,1984,1,16.81,1.89
BALEARES,1984,2,13.83,-2.98
BALEARES,1984,3,12.08,-1.75
BALEARES,1984,4,13.47,1.39
BALEARES,1985,1,15.45,1.98
BALEARES,1985,2,13.19,-2.26
BALEARES,1985,3,11.7,-1.49
BALEARES,1985,4,14.84,3.14
BALEARES,1986,1,15.99,1.15
BALEARES,1986,2,13.23,-2.76
BALEARES,1986,3,11.04,-2.19
BALEARES,1986,4,16.51,5.47
BALEARES,1987,1,18.64,2.13
BALEARES,1987,2,12.96,-5.68
BALEARES,1987,3,11.19,-1.77
BALEARES,1987,4,13.02,1.83
BALEARES,1988,1,12.99,-0.03
BALEARES,1988,2,11.76,-1.23
BALEARES,1988,3,8.9,-2.86
BALEARES,1988,4,10.02,1.12
BALEARES,1989,1,12.19,2.17
BALEARES,1989,2,10.29,-1.9
BALEARES,1989,3,8.95,-1.34
BALEARES,1989,4,11.62,2.67
BALEARES,1990,1,11.87,0.25
BALEARES,1990,2,10.12,-1.75
BALEARES,1990,3,8.43,-1.69
BALEARES,1990,4,11.75,3.32
BALEARES,1991,1,12.63,0.88
BALEARES,1991,2,8.5,-4.13
BALEARES,1991,3,8.72,0.22
BALEARES,1991,4,10.53,1.81
BALEARES,1992,1,10.99,0.46
BALEARES,1992,2,11,0.01
BALEARES,1992,3,10.84,-0.16
BALEARES,1992,4,13.36,2.52
BALEARES,1993,1,18.5,5.14
BALEARES,1993,2,16.65,-1.85
BALEARES,1993,3,15.96,-0.69
BALEARES,1993,4,20.23,4.27
BALEARES,1994,1,21.17,0.94
BALEARES,1994,2,16.95,-4.22
BALEARES,1994,3,15.19,-1.76
BALEARES,1994,4,17.89,2.7
BALEARES,1995,1,16.91,-0.98
BALEARES,1995,2,14,-2.91
BALEARES,1995,3,11.65,-2.35
BALEARES,1995,4,14.68,3.03
BALEARES,1996,1,15.86,1.18
BALEARES,1996,2,13.62,-2.24
BALEARES,1996,3,11.45,-2.17
BALEARES,1996,4,12.71,1.26
BALEARES,1997,1,13.41,0.7
BALEARES,1997,2,11.88,-1.53
BALEARES,1997,3,10.46,-1.42
BALEARES,1997,4,11.37,0.91
BALEARES,1998,1,13.4,2.03
BALEARES,1998,2,11.3,-2.1
BALEARES,1998,3,8.95,-2.35
BALEARES,1998,4,11.49,2.54
BALEARES,1999,1,11.38,-0.11
BALEARES,1999,2,7.01,-4.37
BALEARES,1999,3,6.12,-0.89
BALEARES,1999,4,7.85,1.73
BALEARES,2000,1,9.48,1.63
BALEARES,2000,2,4.75,-4.73
BALEARES,2000,3,4.47,-0.28
BALEARES,2000,4,7.4,2.93
BALEARES,2001,1,9.09,1.69
BALEARES,2001,2,5.9,-3.19
BALEARES,2001,3,3.88,-2.02
BALEARES,2001,4,4.92,1.04
BALEARES,2002,1,8.96,4.04
BALEARES,2002,1,8.96,0
BALEARES,2002,2,6.88,-2.08
BALEARES,2002,2,6.74,-0.14
BALEARES,2002,3,6.04,-0.7
BALEARES,2002,3,6.07,0.03
BALEARES,2002,4,8.57,2.5
BALEARES,2002,4,8.69,0.12
BALEARES,2003,1,12.68,3.99
BALEARES,2003,2,9.39,-3.29
BALEARES,2003,3,7.02,-2.37
BALEARES,2003,4,10.01,2.99
BALEARES,2004,1,12.75,2.74
BALEARES,2004,2,9.06,-3.69
BALEARES,2004,3,6.77,-2.29
BALEARES,2004,4,8.09,1.32
BALEARES,2005,1,10.7,2.61
BALEARES,2005,2,6.06,-4.64
BALEARES,2005,3,4.91,-1.15
BALEARES,2005,4,7.5,2.59
BALEARES,2006,1,8.41,0.91
BALEARES,2006,2,6.53,-1.88
BALEARES,2006,3,4.72,-1.81
BALEARES,2006,4,6.34,1.62
BALEARES,2007,1,9.33,2.99
BALEARES,2007,2,5.55,-3.78
BALEARES,2007,3,4.64,-0.91
BALEARES,2007,4,9.35,4.71
BALEARES,2008,1,10.98,1.63
BALEARES,2008,2,8.4,-2.58
BALEARES,2008,3,9.32,0.92
BALEARES,2008,4,12.05,2.73
BALEARES,2009,1,19.63,7.58
BALEARES,2009,2,18.02,-1.61
BALEARES,2009,3,14.78,-3.24
BALEARES,2009,4,19.45,4.67
BALEARES,2010,1,22.22,2.77
BALEARES,2010,2,19.79,-2.43
BALEARES,2010,3,16.93,-2.86
BALEARES,2010,4,21.78,4.85
BALEARES,2011,1,24.98,3.2
BALEARES,2011,2,19.53,-5.45
BALEARES,2011,3,17.79,-1.74
BALEARES,2011,4,25.49,7.7
BALEARES,2012,1,27.85,2.36
BALEARES,2012,2,21.32,-6.53
BALEARES,2012,3,19.56,-1.76
BALEARES,2012,4,24.3,4.74
BALEARES,2013,1,28.55,4.25
BALEARES,2013,2,21.14,-7.41
BALEARES,2013,3,16.93,-4.21
BALEARES,2013,4,22.72,5.79
BALEARES,2014,1,26.7,3.98
BALEARES,2014,2,19.04,-7.66
BALEARES,2014,3,15.94,-3.1
BALEARES,2014,4,18.88,2.94
BALEARES,2015,1,22.29,3.41
BALEARES,2015,2,16.45,-5.84
BALEARES,2015,3,13.88,-2.57
BALEARES,2015,4,17.02,3.14
BALEARES,2016,1,18.41,1.39
BALEARES,2016,2,13.02,-5.39
BALEARES,2016,3,10.6,-2.42
BALEARES,2016,4,13.8,3.2
BALEARES,2017,1,16.76,2.96
BALEARES,2017,2,11.49,-5.27
BALEARES,2017,3,9.25,-2.24
BALEARES,2017,4,12.61,3.36
BALEARES,2018,1,17.42,4.81
BALEARES,2018,2,11.22,-6.2
BALEARES,2018,3,7.16,-4.06
CANARIAS,1976,3,8.55,0
CANARIAS,1976,4,8.58,0.03
CANARIAS,1977,1,8.46,-0.12
CANARIAS,1977,2,8.49,0.03
CANARIAS,1977,3,8.95,0.46
CANARIAS,1977,4,8.57,-0.38
CANARIAS,1978,1,9.57,1
CANARIAS,1978,2,9.55,-0.02
CANARIAS,1978,3,10.23,0.68
CANARIAS,1978,4,10.19,-0.04
CANARIAS,1979,1,10.39,0.2
CANARIAS,1979,2,10.9,0.51
CANARIAS,1979,3,10.78,-0.12
CANARIAS,1979,4,10.43,-0.35
CANARIAS,1980,1,10.19,-0.24
CANARIAS,1980,2,11.95,1.76
CANARIAS,1980,3,13.81,1.86
CANARIAS,1980,4,13.34,-0.47
CANARIAS,1981,1,14.94,1.6
CANARIAS,1981,2,15.51,0.57
CANARIAS,1981,3,16.8,1.29
CANARIAS,1981,4,17.66,0.86
CANARIAS,1982,1,18.5,0.84
CANARIAS,1982,2,17.31,-1.19
CANARIAS,1982,3,19.05,1.74
CANARIAS,1982,4,18.01,-1.04
CANARIAS,1983,1,17.62,-0.39
CANARIAS,1983,2,18.83,1.21
CANARIAS,1983,3,20.55,1.72
CANARIAS,1983,4,19.44,-1.11
CANARIAS,1984,1,19.88,0.44
CANARIAS,1984,2,22.06,2.18
CANARIAS,1984,3,23.39,1.33
CANARIAS,1984,4,24.08,0.69
CANARIAS,1985,1,24.84,0.76
CANARIAS,1985,2,26.59,1.75
CANARIAS,1985,3,26.83,0.24
CANARIAS,1985,4,24.45,-2.38
CANARIAS,1986,1,26.04,1.59
CANARIAS,1986,2,26.29,0.25
CANARIAS,1986,3,25.25,-1.04
CANARIAS,1986,4,25.3,0.05
CANARIAS,1987,1,25.68,0.38
CANARIAS,1987,2,24.63,-1.05
CANARIAS,1987,3,23.16,-1.47
CANARIAS,1987,4,21.71,-1.45
CANARIAS,1988,1,22.05,0.34
CANARIAS,1988,2,21.8,-0.25
CANARIAS,1988,3,22.82,1.02
CANARIAS,1988,4,21.38,-1.44
CANARIAS,1989,1,21.1,-0.28
CANARIAS,1989,2,22.05,0.95
CANARIAS,1989,3,21.26,-0.79
CANARIAS,1989,4,20.58,-0.68
CANARIAS,1990,1,22.31,1.73
CANARIAS,1990,2,22.82,0.51
CANARIAS,1990,3,23.87,1.05
CANARIAS,1990,4,22.91,-0.96
CANARIAS,1991,1,23.49,0.58
CANARIAS,1991,2,24.49,1
CANARIAS,1991,3,24.81,0.32
CANARIAS,1991,4,25.66,0.85
CANARIAS,1992,1,24.97,-0.69
CANARIAS,1992,2,24.54,-0.43
CANARIAS,1992,3,24.22,-0.32
CANARIAS,1992,4,25.56,1.34
CANARIAS,1993,1,28.66,3.1
CANARIAS,1993,2,27.93,-0.73
CANARIAS,1993,3,28.34,0.41
CANARIAS,1993,4,28.03,-0.31
CANARIAS,1994,1,26.52,-1.51
CANARIAS,1994,2,27.95,1.43
CANARIAS,1994,3,26.97,-0.98
CANARIAS,1994,4,24.44,-2.53
CANARIAS,1995,1,23.72,-0.72
CANARIAS,1995,2,23.53,-0.19
CANARIAS,1995,3,23.52,-0.01
CANARIAS,1995,4,23.43,-0.09
CANARIAS,1996,1,23.23,-0.2
CANARIAS,1996,2,21.65,-1.58
CANARIAS,1996,3,22.33,0.68
CANARIAS,1996,4,20.55,-1.78
CANARIAS,1997,1,19.28,-1.27
CANARIAS,1997,2,20.64,1.36
CANARIAS,1997,3,20.19,-0.45
CANARIAS,1997,4,18.65,-1.54
CANARIAS,1998,1,19.49,0.84
CANARIAS,1998,2,19.35,-0.14
CANARIAS,1998,3,18.15,-1.2
CANARIAS,1998,4,16.87,-1.28
CANARIAS,1999,1,14.51,-2.36
CANARIAS,1999,2,13.69,-0.82
CANARIAS,1999,3,14.91,1.22
CANARIAS,1999,4,13.82,-1.09
CANARIAS,2000,1,14.56,0.74
CANARIAS,2000,2,13.92,-0.64
CANARIAS,2000,3,13.25,-0.67
CANARIAS,2000,4,11.94,-1.31
CANARIAS,2001,1,9.93,-2.01
CANARIAS,2001,2,10.44,0.51
CANARIAS,2001,3,11.69,1.25
CANARIAS,2001,4,10.94,-0.75
CANARIAS,2002,1,10.87,-0.07
CANARIAS,2002,1,10.57,-0.3
CANARIAS,2002,2,11.2,0.63
CANARIAS,2002,2,11.33,0.13
CANARIAS,2002,3,11.14,-0.19
CANARIAS,2002,3,11.11,-0.03
CANARIAS,2002,4,11.29,0.18
CANARIAS,2002,4,11.32,0.03
CANARIAS,2003,1,10.69,-0.63
CANARIAS,2003,2,11.43,0.74
CANARIAS,2003,3,11.2,-0.23
CANARIAS,2003,4,12.04,0.84
CANARIAS,2004,1,12.79,0.75
CANARIAS,2004,2,12.7,-0.09
CANARIAS,2004,3,11.45,-1.25
CANARIAS,2004,4,10.75,-0.7
CANARIAS,2005,1,12.74,1.99
CANARIAS,2005,2,12.18,-0.56
CANARIAS,2005,3,11.03,-1.15
CANARIAS,2005,4,10.88,-0.15
CANARIAS,2006,1,12.03,1.15
CANARIAS,2006,2,11.27,-0.76
CANARIAS,2006,3,11.81,0.54
CANARIAS,2006,4,11.37,-0.44
CANARIAS,2007,1,10.25,-1.12
CANARIAS,2007,2,9.87,-0.38
CANARIAS,2007,3,10.8,0.93
CANARIAS,2007,4,10.89,0.09
CANARIAS,2008,1,14.66,3.77
CANARIAS,2008,2,15.93,1.27
CANARIAS,2008,3,17.36,1.43
CANARIAS,2008,4,20.99,3.63
CANARIAS,2009,1,25.9,4.91
CANARIAS,2009,2,25.7,-0.2
CANARIAS,2009,3,25.63,-0.07
CANARIAS,2009,4,26.77,1.14
CANARIAS,2010,1,27.72,0.95
CANARIAS,2010,2,29.31,1.59
CANARIAS,2010,3,28.59,-0.72
CANARIAS,2010,4,28.78,0.19
CANARIAS,2011,1,28.32,-0.46
CANARIAS,2011,2,29.39,1.07
CANARIAS,2011,3,29.08,-0.31
CANARIAS,2011,4,30.33,1.25
CANARIAS,2012,1,31.78,1.45
CANARIAS,2012,2,32.7,0.92
CANARIAS,2012,3,33.22,0.52
CANARIAS,2012,4,32.6,-0.62
CANARIAS,2013,1,33.74,1.14
CANARIAS,2013,2,33.33,-0.41
CANARIAS,2013,3,34.76,1.43
CANARIAS,2013,4,33.09,-1.67
CANARIAS,2014,1,32.55,-0.54
CANARIAS,2014,2,32.68,0.13
CANARIAS,2014,3,33.36,0.68
CANARIAS,2014,4,31.08,-2.28
CANARIAS,2015,1,30.81,-0.27
CANARIAS,2015,2,30.3,-0.51
CANARIAS,2015,3,28.56,-1.74
CANARIAS,2015,4,26.75,-1.81
CANARIAS,2016,1,26,-0.75
CANARIAS,2016,2,27.33,1.33
CANARIAS,2016,3,26.01,-1.32
CANARIAS,2016,4,24.9,-1.11
CANARIAS,2017,1,25.68,0.78
CANARIAS,2017,2,24.3,-1.38
CANARIAS,2017,3,21.87,-2.43
CANARIAS,2017,4,22.04,0.17
CANARIAS,2018,1,20.62,-1.42
CANARIAS,2018,2,20.06,-0.56
CANARIAS,2018,3,19.64,-0.42
CANTABRIA,1976,3,2.78,0
CANTABRIA,1976,4,3.57,0.79
CANTABRIA,1977,1,3.29,-0.28
CANTABRIA,1977,2,3.55,0.26
CANTABRIA,1977,3,3.55,0
CANTABRIA,1977,4,3.69,0.14
CANTABRIA,1978,1,4.37,0.68
CANTABRIA,1978,2,4.81,0.44
CANTABRIA,1978,3,4.64,-0.17
CANTABRIA,1978,4,4.09,-0.55
CANTABRIA,1979,1,5.26,1.17
CANTABRIA,1979,2,5.02,-0.24
CANTABRIA,1979,3,5.28,0.26
CANTABRIA,1979,4,6.43,1.15
CANTABRIA,1980,1,6.86,0.43
CANTABRIA,1980,2,7.39,0.53
CANTABRIA,1980,3,7.67,0.28
CANTABRIA,1980,4,7.96,0.29
CANTABRIA,1981,1,8.76,0.8
CANTABRIA,1981,2,10.27,1.51
CANTABRIA,1981,3,10.79,0.52
CANTABRIA,1981,4,11.43,0.64
CANTABRIA,1982,1,12.15,0.72
CANTABRIA,1982,2,12.62,0.47
CANTABRIA,1982,3,12.92,0.3
CANTABRIA,1982,4,11.98,-0.94
CANTABRIA,1983,1,11.01,-0.97
CANTABRIA,1983,2,11.77,0.76
CANTABRIA,1983,3,13.29,1.52
CANTABRIA,1983,4,14.36,1.07
CANTABRIA,1984,1,17.1,2.74
CANTABRIA,1984,2,16.4,-0.7
CANTABRIA,1984,3,15.45,-0.95
CANTABRIA,1984,4,14.99,-0.46
CANTABRIA,1985,1,15.05,0.06
CANTABRIA,1985,2,15.02,-0.03
CANTABRIA,1985,3,15.93,0.91
CANTABRIA,1985,4,16.57,0.64
CANTABRIA,1986,1,17.37,0.8
CANTABRIA,1986,2,17.82,0.45
CANTABRIA,1986,3,17.51,-0.31
CANTABRIA,1986,4,18.15,0.64
CANTABRIA,1987,1,19,0.85
CANTABRIA,1987,2,18.21,-0.79
CANTABRIA,1987,3,18.91,0.7
CANTABRIA,1987,4,19.02,0.11
CANTABRIA,1988,1,21.25,2.23
CANTABRIA,1988,2,20.98,-0.27
CANTABRIA,1988,3,20.8,-0.18
CANTABRIA,1988,4,19.51,-1.29
CANTABRIA,1989,1,20.04,0.53
CANTABRIA,1989,2,17.3,-2.74
CANTABRIA,1989,3,17.01,-0.29
CANTABRIA,1989,4,16.26,-0.75
CANTABRIA,1990,1,17.67,1.41
CANTABRIA,1990,2,16.82,-0.85
CANTABRIA,1990,3,16.08,-0.74
CANTABRIA,1990,4,16.5,0.42
CANTABRIA,1991,1,15.47,-1.03
CANTABRIA,1991,2,15.25,-0.22
CANTABRIA,1991,3,15.34,0.09
CANTABRIA,1991,4,17.71,2.37
CANTABRIA,1992,1,15.93,-1.78
CANTABRIA,1992,2,16.26,0.33
CANTABRIA,1992,3,16.45,0.19
CANTABRIA,1992,4,17.94,1.49
CANTABRIA,1993,1,19.09,1.15
CANTABRIA,1993,2,19.84,0.75
CANTABRIA,1993,3,18.87,-0.97
CANTABRIA,1993,4,21.52,2.65
CANTABRIA,1994,1,24.95,3.43
CANTABRIA,1994,2,24.35,-0.6
CANTABRIA,1994,3,23.4,-0.95
CANTABRIA,1994,4,20.72,-2.68
CANTABRIA,1995,1,22.06,1.34
CANTABRIA,1995,2,21.59,-0.47
CANTABRIA,1995,3,22.6,1.01
CANTABRIA,1995,4,23.5,0.9
CANTABRIA,1996,1,24.45,0.95
CANTABRIA,1996,2,24.66,0.21
CANTABRIA,1996,3,22.97,-1.69
CANTABRIA,1996,4,23.4,0.43
CANTABRIA,1997,1,21.92,-1.48
CANTABRIA,1997,2,20.61,-1.31
CANTABRIA,1997,3,19.94,-0.67
CANTABRIA,1997,4,20.29,0.35
CANTABRIA,1998,1,19.41,-0.88
CANTABRIA,1998,2,17.64,-1.77
CANTABRIA,1998,3,17.68,0.04
CANTABRIA,1998,4,16.41,-1.27
CANTABRIA,1999,1,16.79,0.38
CANTABRIA,1999,2,14.98,-1.81
CANTABRIA,1999,3,15.04,0.06
CANTABRIA,1999,4,14.54,-0.5
CANTABRIA,2000,1,13.8,-0.74
CANTABRIA,2000,2,13.36,-0.44
CANTABRIA,2000,3,12.47,-0.89
CANTABRIA,2000,4,13.81,1.34
CANTABRIA,2001,1,9.62,-4.19
CANTABRIA,2001,2,8.04,-1.58
CANTABRIA,2001,3,8.26,0.22
CANTABRIA,2001,4,8.85,0.59
CANTABRIA,2002,1,9.44,0.59
CANTABRIA,2002,1,9.54,0.1
CANTABRIA,2002,2,9.74,0.2
CANTABRIA,2002,2,9.73,-0.01
CANTABRIA,2002,3,10.32,0.59
CANTABRIA,2002,3,10.25,-0.07
CANTABRIA,2002,4,10.68,0.43
CANTABRIA,2002,4,10.58,-0.1
CANTABRIA,2003,1,10.07,-0.51
CANTABRIA,2003,2,10.29,0.22
CANTABRIA,2003,3,10.86,0.57
CANTABRIA,2003,4,10.42,-0.44
CANTABRIA,2004,1,11.44,1.02
CANTABRIA,2004,2,10.55,-0.89
CANTABRIA,2004,3,9.16,-1.39
CANTABRIA,2004,4,11.1,1.94
CANTABRIA,2005,1,9.83,-1.27
CANTABRIA,2005,2,9.11,-0.72
CANTABRIA,2005,3,7.07,-2.04
CANTABRIA,2005,4,8.01,0.94
CANTABRIA,2006,1,7.06,-0.95
CANTABRIA,2006,2,6.53,-0.53
CANTABRIA,2006,3,6.4,-0.13
CANTABRIA,2006,4,5.87,-0.53
CANTABRIA,2007,1,7.11,1.24
CANTABRIA,2007,2,6.41,-0.7
CANTABRIA,2007,3,5.61,-0.8
CANTABRIA,2007,4,4.72,-0.89
CANTABRIA,2008,1,6.41,1.69
CANTABRIA,2008,2,7.1,0.69
CANTABRIA,2008,3,6.32,-0.78
CANTABRIA,2008,4,8.81,2.49
CANTABRIA,2009,1,12.57,3.76
CANTABRIA,2009,2,11.67,-0.9
CANTABRIA,2009,3,11.06,-0.61
CANTABRIA,2009,4,12.7,1.64
CANTABRIA,2010,1,14.33,1.63
CANTABRIA,2010,2,13.73,-0.6
CANTABRIA,2010,3,12.07,-1.66
CANTABRIA,2010,4,14.67,2.6
CANTABRIA,2011,1,16.27,1.6
CANTABRIA,2011,2,14.88,-1.39
CANTABRIA,2011,3,14.13,-0.75
CANTABRIA,2011,4,15.92,1.79
CANTABRIA,2012,1,18.77,2.85
CANTABRIA,2012,2,17.42,-1.35
CANTABRIA,2012,3,15.79,-1.63
CANTABRIA,2012,4,19.19,3.4
CANTABRIA,2013,1,20.86,1.67
CANTABRIA,2013,2,22.28,1.42
CANTABRIA,2013,3,18.84,-3.44
CANTABRIA,2013,4,19.81,0.97
CANTABRIA,2014,1,20.95,1.14
CANTABRIA,2014,2,19.26,-1.69
CANTABRIA,2014,3,19.04,-0.22
CANTABRIA,2014,4,18.42,-0.62
CANTABRIA,2015,1,18.54,0.12
CANTABRIA,2015,2,18.15,-0.39
CANTABRIA,2015,3,16.19,-1.96
CANTABRIA,2015,4,17.71,1.52
CANTABRIA,2016,1,18.9,1.19
CANTABRIA,2016,2,15.31,-3.59
CANTABRIA,2016,3,12.53,-2.78
CANTABRIA,2016,4,12.89,0.36
CANTABRIA,2017,1,14.07,1.18
CANTABRIA,2017,2,14.03,-0.04
CANTABRIA,2017,3,12.67,-1.36
CANTABRIA,2017,4,13.49,0.82
CANTABRIA,2018,1,12.46,-1.03
CANTABRIA,2018,2,11.57,-0.89
CANTABRIA,2018,3,8.99,-2.58
CASTILLA LA MANCHA,1976,3,4.57,0
CASTILLA LA MANCHA,1976,4,3.94,-0.63
CASTILLA LA MANCHA,1977,1,4.32,0.38
CASTILLA LA MANCHA,1977,2,4.19,-0.13
CASTILLA LA MANCHA,1977,3,4.63,0.44
CASTILLA LA MANCHA,1977,4,4.94,0.31
CASTILLA LA MANCHA,1978,1,6.19,1.25
CASTILLA LA MANCHA,1978,2,5.9,-0.29
CASTILLA LA MANCHA,1978,3,5.55,-0.35
CASTILLA LA MANCHA,1978,4,6.45,0.9
CASTILLA LA MANCHA,1979,1,7.01,0.56
CASTILLA LA MANCHA,1979,2,6.97,-0.04
CASTILLA LA MANCHA,1979,3,7.97,1
CASTILLA LA MANCHA,1979,4,8.71,0.74
CASTILLA LA MANCHA,1980,1,9.5,0.79
CASTILLA LA MANCHA,1980,2,10.51,1.01
CASTILLA LA MANCHA,1980,3,11.34,0.83
CASTILLA LA MANCHA,1980,4,11.28,-0.06
CASTILLA LA MANCHA,1981,1,13.47,2.19
CASTILLA LA MANCHA,1981,2,13.98,0.51
CASTILLA LA MANCHA,1981,3,14.01,0.03
CASTILLA LA MANCHA,1981,4,14.34,0.33
CASTILLA LA MANCHA,1982,1,14.85,0.51
CASTILLA LA MANCHA,1982,2,13.54,-1.31
CASTILLA LA MANCHA,1982,3,13.55,0.01
CASTILLA LA MANCHA,1982,4,12.99,-0.56
CASTILLA LA MANCHA,1983,1,14.11,1.12
CASTILLA LA MANCHA,1983,2,14.48,0.37
CASTILLA LA MANCHA,1983,3,13.61,-0.87
CASTILLA LA MANCHA,1983,4,14.13,0.52
CASTILLA LA MANCHA,1984,1,16.01,1.88
CASTILLA LA MANCHA,1984,2,16.28,0.27
CASTILLA LA MANCHA,1984,3,16.17,-0.11
CASTILLA LA MANCHA,1984,4,16.64,0.47
CASTILLA LA MANCHA,1985,1,18.03,1.39
CASTILLA LA MANCHA,1985,2,17.06,-0.97
CASTILLA LA MANCHA,1985,3,16.16,-0.9
CASTILLA LA MANCHA,1985,4,15.16,-1
CASTILLA LA MANCHA,1986,1,15.68,0.52
CASTILLA LA MANCHA,1986,2,15.18,-0.5
CASTILLA LA MANCHA,1986,3,14.49,-0.69
CASTILLA LA MANCHA,1986,4,15.32,0.83
CASTILLA LA MANCHA,1987,1,17.12,1.8
CASTILLA LA MANCHA,1987,2,14.62,-2.5
CASTILLA LA MANCHA,1987,3,13.95,-0.67
CASTILLA LA MANCHA,1987,4,14.32,0.37
CASTILLA LA MANCHA,1988,1,15.81,1.49
CASTILLA LA MANCHA,1988,2,16.03,0.22
CASTILLA LA MANCHA,1988,3,14.12,-1.91
CASTILLA LA MANCHA,1988,4,14.49,0.37
CASTILLA LA MANCHA,1989,1,15.18,0.69
CASTILLA LA MANCHA,1989,2,14.72,-0.46
CASTILLA LA MANCHA,1989,3,12.69,-2.03
CASTILLA LA MANCHA,1989,4,14.18,1.49
CASTILLA LA MANCHA,1990,1,14.15,-0.03
CASTILLA LA MANCHA,1990,2,13.3,-0.85
CASTILLA LA MANCHA,1990,3,12.21,-1.09
CASTILLA LA MANCHA,1990,4,12.7,0.49
CASTILLA LA MANCHA,1991,1,13.23,0.53
CASTILLA LA MANCHA,1991,2,13.71,0.48
CASTILLA LA MANCHA,1991,3,12.49,-1.22
CASTILLA LA MANCHA,1991,4,13.24,0.75
CASTILLA LA MANCHA,1992,1,14.89,1.65
CASTILLA LA MANCHA,1992,2,15.32,0.43
CASTILLA LA MANCHA,1992,3,16.02,0.7
CASTILLA LA MANCHA,1992,4,16.41,0.39
CASTILLA LA MANCHA,1993,1,18.88,2.47
CASTILLA LA MANCHA,1993,2,19.6,0.72
CASTILLA LA MANCHA,1993,3,19.11,-0.49
CASTILLA LA MANCHA,1993,4,20.54,1.43
CASTILLA LA MANCHA,1994,1,20.71,0.17
CASTILLA LA MANCHA,1994,2,20.71,0
CASTILLA LA MANCHA,1994,3,18.22,-2.49
CASTILLA LA MANCHA,1994,4,19.15,0.93
CASTILLA LA MANCHA,1995,1,20.47,1.32
CASTILLA LA MANCHA,1995,2,20.46,-0.01
CASTILLA LA MANCHA,1995,3,19.8,-0.66
CASTILLA LA MANCHA,1995,4,20.03,0.23
CASTILLA LA MANCHA,1996,1,20.81,0.78
CASTILLA LA MANCHA,1996,2,19.93,-0.88
CASTILLA LA MANCHA,1996,3,18.1,-1.83
CASTILLA LA MANCHA,1996,4,18.88,0.78
CASTILLA LA MANCHA,1997,1,19.81,0.93
CASTILLA LA MANCHA,1997,2,18.82,-0.99
CASTILLA LA MANCHA,1997,3,17.42,-1.4
CASTILLA LA MANCHA,1997,4,17.87,0.45
CASTILLA LA MANCHA,1998,1,18.44,0.57
CASTILLA LA MANCHA,1998,2,16.49,-1.95
CASTILLA LA MANCHA,1998,3,15.8,-0.69
CASTILLA LA MANCHA,1998,4,16.42,0.62
CASTILLA LA MANCHA,1999,1,16.34,-0.08
CASTILLA LA MANCHA,1999,2,15.09,-1.25
CASTILLA LA MANCHA,1999,3,13.7,-1.39
CASTILLA LA MANCHA,1999,4,14.55,0.85
CASTILLA LA MANCHA,2000,1,13.73,-0.82
CASTILLA LA MANCHA,2000,2,12.18,-1.55
CASTILLA LA MANCHA,2000,3,11.33,-0.85
CASTILLA LA MANCHA,2000,4,12.77,1.44
CASTILLA LA MANCHA,2001,1,10.32,-2.45
CASTILLA LA MANCHA,2001,2,9.46,-0.86
CASTILLA LA MANCHA,2001,3,9.02,-0.44
CASTILLA LA MANCHA,2001,4,9.14,0.12
CASTILLA LA MANCHA,2002,1,9.69,0.55
CASTILLA LA MANCHA,2002,1,9.72,0.03
CASTILLA LA MANCHA,2002,2,9.35,-0.37
CASTILLA LA MANCHA,2002,2,9.35,0
CASTILLA LA MANCHA,2002,3,9.26,-0.09
CASTILLA LA MANCHA,2002,3,9.17,-0.09
CASTILLA LA MANCHA,2002,4,9.78,0.61
CASTILLA LA MANCHA,2002,4,9.85,0.07
CASTILLA LA MANCHA,2003,1,10.93,1.08
CASTILLA LA MANCHA,2003,2,10.07,-0.86
CASTILLA LA MANCHA,2003,3,9.75,-0.32
CASTILLA LA MANCHA,2003,4,9.8,0.05
CASTILLA LA MANCHA,2004,1,9.97,0.17
CASTILLA LA MANCHA,2004,2,8.9,-1.07
CASTILLA LA MANCHA,2004,3,8.98,0.08
CASTILLA LA MANCHA,2004,4,10.2,1.22
CASTILLA LA MANCHA,2005,1,9.63,-0.57
CASTILLA LA MANCHA,2005,2,9.41,-0.22
CASTILLA LA MANCHA,2005,3,8.44,-0.97
CASTILLA LA MANCHA,2005,4,9.42,0.98
CASTILLA LA MANCHA,2006,1,9.43,0.01
CASTILLA LA MANCHA,2006,2,9.05,-0.38
CASTILLA LA MANCHA,2006,3,8.86,-0.19
CASTILLA LA MANCHA,2006,4,8.05,-0.81
CASTILLA LA MANCHA,2007,1,7.67,-0.38
CASTILLA LA MANCHA,2007,2,7.89,0.22
CASTILLA LA MANCHA,2007,3,7,-0.89
CASTILLA LA MANCHA,2007,4,8.1,1.1
CASTILLA LA MANCHA,2008,1,9.58,1.48
CASTILLA LA MANCHA,2008,2,10.63,1.05
CASTILLA LA MANCHA,2008,3,11.4,0.77
CASTILLA LA MANCHA,2008,4,15.04,3.64
CASTILLA LA MANCHA,2009,1,18.17,3.13
CASTILLA LA MANCHA,2009,2,19.65,1.48
CASTILLA LA MANCHA,2009,3,18.38,-1.27
CASTILLA LA MANCHA,2009,4,19.29,0.91
CASTILLA LA MANCHA,2010,1,21.72,2.43
CASTILLA LA MANCHA,2010,2,21.38,-0.34
CASTILLA LA MANCHA,2010,3,20.07,-1.31
CASTILLA LA MANCHA,2010,4,21.72,1.65
CASTILLA LA MANCHA,2011,1,22.13,0.41
CASTILLA LA MANCHA,2011,2,23.18,1.05
CASTILLA LA MANCHA,2011,3,22.46,-0.72
CASTILLA LA MANCHA,2011,4,24.53,2.07
CASTILLA LA MANCHA,2012,1,27.38,2.85
CASTILLA LA MANCHA,2012,2,28.9,1.52
CASTILLA LA MANCHA,2012,3,27.99,-0.91
CASTILLA LA MANCHA,2012,4,30.07,2.08
CASTILLA LA MANCHA,2013,1,31.24,1.17
CASTILLA LA MANCHA,2013,2,30.23,-1.01
CASTILLA LA MANCHA,2013,3,29.41,-0.82
CASTILLA LA MANCHA,2013,4,28.99,-0.42
CASTILLA LA MANCHA,2014,1,30.3,1.31
CASTILLA LA MANCHA,2014,2,28.69,-1.61
CASTILLA LA MANCHA,2014,3,28.49,-0.2
CASTILLA LA MANCHA,2014,4,28.5,0.01
CASTILLA LA MANCHA,2015,1,28.69,0.19
CASTILLA LA MANCHA,2015,2,27,-1.69
CASTILLA LA MANCHA,2015,3,24.72,-2.28
CASTILLA LA MANCHA,2015,4,24.97,0.25
CASTILLA LA MANCHA,2016,1,25.45,0.48
CASTILLA LA MANCHA,2016,2,23.93,-1.52
CASTILLA LA MANCHA,2016,3,22.67,-1.26
CASTILLA LA MANCHA,2016,4,22.14,-0.53
CASTILLA LA MANCHA,2017,1,22.48,0.34
CASTILLA LA MANCHA,2017,2,22.24,-0.24
CASTILLA LA MANCHA,2017,3,18.6,-3.64
CASTILLA LA MANCHA,2017,4,19.74,1.14
CASTILLA LA MANCHA,2018,1,20.68,0.94
CASTILLA LA MANCHA,2018,2,19.11,-1.57
CASTILLA LA MANCHA,2018,3,16.71,-2.4
CASTILLA LEON,1976,3,2.69,0
CASTILLA LEON,1976,4,3.33,0.64
CASTILLA LEON,1977,1,4.13,0.8
CASTILLA LEON,1977,2,3.75,-0.38
CASTILLA LEON,1977,3,4.33,0.58
CASTILLA LEON,1977,4,4.73,0.4
CASTILLA LEON,1978,1,5.18,0.45
CASTILLA LEON,1978,2,4.73,-0.45
CASTILLA LEON,1978,3,5.4,0.67
CASTILLA LEON,1978,4,5.79,0.39
CASTILLA LEON,1979,1,6.46,0.67
CASTILLA LEON,1979,2,6.1,-0.36
CASTILLA LEON,1979,3,6.93,0.83
CASTILLA LEON,1979,4,7.41,0.48
CASTILLA LEON,1980,1,7.82,0.41
CASTILLA LEON,1980,2,7.78,-0.04
CASTILLA LEON,1980,3,8.64,0.86
CASTILLA LEON,1980,4,9.56,0.92
CASTILLA LEON,1981,1,9.76,0.2
CASTILLA LEON,1981,2,9.7,-0.06
CASTILLA LEON,1981,3,10.58,0.88
CASTILLA LEON,1981,4,11.45,0.87
CASTILLA LEON,1982,1,12.35,0.9
CASTILLA LEON,1982,2,11.53,-0.82
CASTILLA LEON,1982,3,12.24,0.71
CASTILLA LEON,1982,4,12.51,0.27
CASTILLA LEON,1983,1,13.8,1.29
CASTILLA LEON,1983,2,13.33,-0.47
CASTILLA LEON,1983,3,13.32,-0.01
CASTILLA LEON,1983,4,13.78,0.46
CASTILLA LEON,1984,1,15.37,1.59
CASTILLA LEON,1984,2,15.66,0.29
CASTILLA LEON,1984,3,15.79,0.13
CASTILLA LEON,1984,4,17.13,1.34
CASTILLA LEON,1985,1,18.34,1.21
CASTILLA LEON,1985,2,18.28,-0.06
CASTILLA LEON,1985,3,17.51,-0.77
CASTILLA LEON,1985,4,18.53,1.02
CASTILLA LEON,1986,1,19.37,0.84
CASTILLA LEON,1986,2,17.89,-1.48
CASTILLA LEON,1986,3,17.41,-0.48
CASTILLA LEON,1986,4,17.5,0.09
CASTILLA LEON,1987,1,18.48,0.98
CASTILLA LEON,1987,2,17.34,-1.14
CASTILLA LEON,1987,3,16.19,-1.15
CASTILLA LEON,1987,4,16.41,0.22
CASTILLA LEON,1988,1,18.7,2.29
CASTILLA LEON,1988,2,17.27,-1.43
CASTILLA LEON,1988,3,16.57,-0.7
CASTILLA LEON,1988,4,16.88,0.31
CASTILLA LEON,1989,1,18.26,1.38
CASTILLA LEON,1989,2,17.05,-1.21
CASTILLA LEON,1989,3,15.4,-1.65
CASTILLA LEON,1989,4,15.61,0.21
CASTILLA LEON,1990,1,15.71,0.1
CASTILLA LEON,1990,2,15.6,-0.11
CASTILLA LEON,1990,3,15.2,-0.4
CASTILLA LEON,1990,4,15.06,-0.14
CASTILLA LEON,1991,1,15.63,0.57
CASTILLA LEON,1991,2,14.5,-1.13
CASTILLA LEON,1991,3,14.47,-0.03
CASTILLA LEON,1991,4,15.73,1.26
CASTILLA LEON,1992,1,17.21,1.48
CASTILLA LEON,1992,2,17.44,0.23
CASTILLA LEON,1992,3,17.54,0.1
CASTILLA LEON,1992,4,18.59,1.05
CASTILLA LEON,1993,1,20.16,1.57
CASTILLA LEON,1993,2,20.22,0.06
CASTILLA LEON,1993,3,20.68,0.46
CASTILLA LEON,1993,4,20.61,-0.07
CASTILLA LEON,1994,1,21.6,0.99
CASTILLA LEON,1994,2,21.74,0.14
CASTILLA LEON,1994,3,21.07,-0.67
CASTILLA LEON,1994,4,21.31,0.24
CASTILLA LEON,1995,1,21.98,0.67
CASTILLA LEON,1995,2,20.71,-1.27
CASTILLA LEON,1995,3,20.35,-0.36
CASTILLA LEON,1995,4,20.47,0.12
CASTILLA LEON,1996,1,20.55,0.08
CASTILLA LEON,1996,2,20.29,-0.26
CASTILLA LEON,1996,3,19.39,-0.9
CASTILLA LEON,1996,4,19.37,-0.02
CASTILLA LEON,1997,1,19.99,0.62
CASTILLA LEON,1997,2,19.83,-0.16
CASTILLA LEON,1997,3,18.92,-0.91
CASTILLA LEON,1997,4,19.37,0.45
CASTILLA LEON,1998,1,19.13,-0.24
CASTILLA LEON,1998,2,18.6,-0.53
CASTILLA LEON,1998,3,17,-1.6
CASTILLA LEON,1998,4,17.28,0.28
CASTILLA LEON,1999,1,16.88,-0.4
CASTILLA LEON,1999,2,15.14,-1.74
CASTILLA LEON,1999,3,14.4,-0.74
CASTILLA LEON,1999,4,14.51,0.11
CASTILLA LEON,2000,1,14.96,0.45
CASTILLA LEON,2000,2,13.54,-1.42
CASTILLA LEON,2000,3,13.33,-0.21
CASTILLA LEON,2000,4,13.16,-0.17
CASTILLA LEON,2001,1,10.37,-2.79
CASTILLA LEON,2001,2,9.66,-0.71
CASTILLA LEON,2001,3,10.01,0.35
CASTILLA LEON,2001,4,10.16,0.15
CASTILLA LEON,2002,1,10.83,0.67
CASTILLA LEON,2002,1,10.83,0
CASTILLA LEON,2002,2,10.67,-0.16
CASTILLA LEON,2002,2,10.65,-0.02
CASTILLA LEON,2002,3,10.27,-0.38
CASTILLA LEON,2002,3,10.23,-0.04
CASTILLA LEON,2002,4,10.15,-0.08
CASTILLA LEON,2002,4,10.15,0
CASTILLA LEON,2003,1,11.39,1.24
CASTILLA LEON,2003,2,11.17,-0.22
CASTILLA LEON,2003,3,10.83,-0.34
CASTILLA LEON,2003,4,11.02,0.19
CASTILLA LEON,2004,1,11.61,0.59
CASTILLA LEON,2004,2,10.97,-0.64
CASTILLA LEON,2004,3,9.77,-1.2
CASTILLA LEON,2004,4,10.48,0.71
CASTILLA LEON,2005,1,10.15,-0.33
CASTILLA LEON,2005,2,8.65,-1.5
CASTILLA LEON,2005,3,7.68,-0.97
CASTILLA LEON,2005,4,8.53,0.85
CASTILLA LEON,2006,1,9.14,0.61
CASTILLA LEON,2006,2,8.24,-0.9
CASTILLA LEON,2006,3,7.52,-0.72
CASTILLA LEON,2006,4,7.58,0.06
CASTILLA LEON,2007,1,7.38,-0.2
CASTILLA LEON,2007,2,7.21,-0.17
CASTILLA LEON,2007,3,7,-0.21
CASTILLA LEON,2007,4,6.94,-0.06
CASTILLA LEON,2008,1,8.22,1.28
CASTILLA LEON,2008,2,9.36,1.14
CASTILLA LEON,2008,3,9.47,0.11
CASTILLA LEON,2008,4,11.4,1.93
CASTILLA LEON,2009,1,14.12,2.72
CASTILLA LEON,2009,2,14.4,0.28
CASTILLA LEON,2009,3,13.17,-1.23
CASTILLA LEON,2009,4,14.21,1.04
CASTILLA LEON,2010,1,15.83,1.62
CASTILLA LEON,2010,2,16.38,0.55
CASTILLA LEON,2010,3,15.2,-1.18
CASTILLA LEON,2010,4,15.78,0.58
CASTILLA LEON,2011,1,17.51,1.73
CASTILLA LEON,2011,2,16.51,-1
CASTILLA LEON,2011,3,16.24,-0.27
CASTILLA LEON,2011,4,17.21,0.97
CASTILLA LEON,2012,1,19.41,2.2
CASTILLA LEON,2012,2,19.82,0.41
CASTILLA LEON,2012,3,19.23,-0.59
CASTILLA LEON,2012,4,20.74,1.51
CASTILLA LEON,2013,1,22.72,1.98
CASTILLA LEON,2013,2,21.34,-1.38
CASTILLA LEON,2013,3,20.91,-0.43
CASTILLA LEON,2013,4,22.02,1.11
CASTILLA LEON,2014,1,22.21,0.19
CASTILLA LEON,2014,2,21.17,-1.04
CASTILLA LEON,2014,3,19.4,-1.77
CASTILLA LEON,2014,4,20.28,0.88
CASTILLA LEON,2015,1,20.38,0.1
CASTILLA LEON,2015,2,18.49,-1.89
CASTILLA LEON,2015,3,16.59,-1.9
CASTILLA LEON,2015,4,17.58,0.99
CASTILLA LEON,2016,1,18.33,0.75
CASTILLA LEON,2016,2,16.25,-2.08
CASTILLA LEON,2016,3,13.91,-2.34
CASTILLA LEON,2016,4,14.81,0.9
CASTILLA LEON,2017,1,15.13,0.32
CASTILLA LEON,2017,2,14.45,-0.68
CASTILLA LEON,2017,3,13.02,-1.43
CASTILLA LEON,2017,4,13.71,0.69
CASTILLA LEON,2018,1,13.91,0.2
CASTILLA LEON,2018,2,12,-1.91
CASTILLA LEON,2018,3,11.3,-0.7
CATALUÑA,1976,3,3.46,0
CATALUÑA,1976,4,3.81,0.35
CATALUÑA,1977,1,3.61,-0.2
CATALUÑA,1977,2,3.42,-0.19
CATALUÑA,1977,3,4.12,0.7
CATALUÑA,1977,4,4.18,0.06
CATALUÑA,1978,1,5.14,0.96
CATALUÑA,1978,2,5.85,0.71
CATALUÑA,1978,3,6.45,0.6
CATALUÑA,1978,4,7.06,0.61
CATALUÑA,1979,1,7.58,0.52
CATALUÑA,1979,2,7.21,-0.37
CATALUÑA,1979,3,7.89,0.68
CATALUÑA,1979,4,9.29,1.4
CATALUÑA,1980,1,10.84,1.55
CATALUÑA,1980,2,11.76,0.92
CATALUÑA,1980,3,12.52,0.76
CATALUÑA,1980,4,13.81,1.29
CATALUÑA,1981,1,14.13,0.32
CATALUÑA,1981,2,14.73,0.6
CATALUÑA,1981,3,15.75,1.02
CATALUÑA,1981,4,16.97,1.22
CATALUÑA,1982,1,18,1.03
CATALUÑA,1982,2,18.69,0.69
CATALUÑA,1982,3,19.28,0.59
CATALUÑA,1982,4,20.65,1.37
CATALUÑA,1983,1,21.58,0.93
CATALUÑA,1983,2,20.5,-1.08
CATALUÑA,1983,3,20.53,0.03
CATALUÑA,1983,4,21.69,1.16
CATALUÑA,1984,1,22.31,0.62
CATALUÑA,1984,2,21,-1.31
CATALUÑA,1984,3,21.35,0.35
CATALUÑA,1984,4,22.29,0.94
CATALUÑA,1985,1,22.75,0.46
CATALUÑA,1985,2,22.39,-0.36
CATALUÑA,1985,3,22.19,-0.2
CATALUÑA,1985,4,21.93,-0.26
CATALUÑA,1986,1,22.03,0.1
CATALUÑA,1986,2,21.13,-0.9
CATALUÑA,1986,3,20.83,-0.3
CATALUÑA,1986,4,20.64,-0.19
CATALUÑA,1987,1,20.49,-0.15
CATALUÑA,1987,2,20.8,0.31
CATALUÑA,1987,3,20.29,-0.51
CATALUÑA,1987,4,19.43,-0.86
CATALUÑA,1988,1,20.38,0.95
CATALUÑA,1988,2,19.26,-1.12
CATALUÑA,1988,3,17.26,-2
CATALUÑA,1988,4,17.31,0.05
CATALUÑA,1989,1,15.33,-1.98
CATALUÑA,1989,2,14.08,-1.25
CATALUÑA,1989,3,13.6,-0.48
CATALUÑA,1989,4,13.62,0.02
CATALUÑA,1990,1,13.04,-0.58
CATALUÑA,1990,2,12.42,-0.62
CATALUÑA,1990,3,12.13,-0.29
CATALUÑA,1990,4,12.55,0.42
CATALUÑA,1991,1,12.31,-0.24
CATALUÑA,1991,2,11.68,-0.63
CATALUÑA,1991,3,12.1,0.42
CATALUÑA,1991,4,12.7,0.6
CATALUÑA,1992,1,12.9,0.2
CATALUÑA,1992,2,12.99,0.09
CATALUÑA,1992,3,12.74,-0.25
CATALUÑA,1992,4,15.51,2.77
CATALUÑA,1993,1,16.94,1.43
CATALUÑA,1993,2,18.58,1.64
CATALUÑA,1993,3,19.8,1.22
CATALUÑA,1993,4,21.33,1.53
CATALUÑA,1994,1,21.7,0.37
CATALUÑA,1994,2,21.16,-0.54
CATALUÑA,1994,3,20.52,-0.64
CATALUÑA,1994,4,21.31,0.79
CATALUÑA,1995,1,20.11,-1.2
CATALUÑA,1995,2,19.75,-0.36
CATALUÑA,1995,3,19.26,-0.49
CATALUÑA,1995,4,19.86,0.6
CATALUÑA,1996,1,19.36,-0.5
CATALUÑA,1996,2,18.53,-0.83
CATALUÑA,1996,3,18.67,0.14
CATALUÑA,1996,4,18.74,0.07
CATALUÑA,1997,1,18.66,-0.08
CATALUÑA,1997,2,17.25,-1.41
CATALUÑA,1997,3,16.32,-0.93
CATALUÑA,1997,4,16.18,-0.14
CATALUÑA,1998,1,15.58,-0.6
CATALUÑA,1998,2,14.17,-1.41
CATALUÑA,1998,3,14.19,0.02
CATALUÑA,1998,4,13.75,-0.44
CATALUÑA,1999,1,12.28,-1.47
CATALUÑA,1999,2,10.53,-1.75
CATALUÑA,1999,3,9.83,-0.7
CATALUÑA,1999,4,10.25,0.42
CATALUÑA,2000,1,9.64,-0.61
CATALUÑA,2000,2,8.75,-0.89
CATALUÑA,2000,3,8.27,-0.48
CATALUÑA,2000,4,8.86,0.59
CATALUÑA,2001,1,8.51,-0.35
CATALUÑA,2001,2,8.44,-0.07
CATALUÑA,2001,3,8.63,0.19
CATALUÑA,2001,4,8.94,0.31
CATALUÑA,2002,1,10.73,1.79
CATALUÑA,2002,1,10.76,0.03
CATALUÑA,2002,2,9.57,-1.19
CATALUÑA,2002,2,9.53,-0.04
CATALUÑA,2002,3,9.75,0.22
CATALUÑA,2002,3,9.78,0.03
CATALUÑA,2002,4,10.4,0.62
CATALUÑA,2002,4,10.61,0.21
CATALUÑA,2003,1,10.74,0.13
CATALUÑA,2003,2,10.53,-0.21
CATALUÑA,2003,3,10.02,-0.51
CATALUÑA,2003,4,9.72,-0.3
CATALUÑA,2004,1,10.37,0.65
CATALUÑA,2004,2,9.76,-0.61
CATALUÑA,2004,3,9.44,-0.32
CATALUÑA,2004,4,9.32,-0.12
CATALUÑA,2005,1,7.79,-1.53
CATALUÑA,2005,2,7.11,-0.68
CATALUÑA,2005,3,6.13,-0.98
CATALUÑA,2005,4,6.63,0.5
CATALUÑA,2006,1,6.93,0.3
CATALUÑA,2006,2,6.31,-0.62
CATALUÑA,2006,3,6.17,-0.14
CATALUÑA,2006,4,6.56,0.39
CATALUÑA,2007,1,6.65,0.09
CATALUÑA,2007,2,6.05,-0.6
CATALUÑA,2007,3,6.69,0.64
CATALUÑA,2007,4,6.5,-0.19
CATALUÑA,2008,1,7.52,1.02
CATALUÑA,2008,2,7.47,-0.05
CATALUÑA,2008,3,8.8,1.33
CATALUÑA,2008,4,11.75,2.95
CATALUÑA,2009,1,16.16,4.41
CATALUÑA,2009,2,15.92,-0.24
CATALUÑA,2009,3,15.89,-0.03
CATALUÑA,2009,4,16.9,1.01
CATALUÑA,2010,1,17.9,1
CATALUÑA,2010,2,17.56,-0.34
CATALUÑA,2010,3,17.31,-0.25
CATALUÑA,2010,4,17.86,0.55
CATALUÑA,2011,1,18.93,1.07
CATALUÑA,2011,2,17.93,-1
CATALUÑA,2011,3,19.38,1.45
CATALUÑA,2011,4,20.4,1.02
CATALUÑA,2012,1,22,1.6
CATALUÑA,2012,2,21.79,-0.21
CATALUÑA,2012,3,22.46,0.67
CATALUÑA,2012,4,23.81,1.35
CATALUÑA,2013,1,24.45,0.64
CATALUÑA,2013,2,23.61,-0.84
CATALUÑA,2013,3,22.55,-1.06
CATALUÑA,2013,4,21.87,-0.68
CATALUÑA,2014,1,22.1,0.23
CATALUÑA,2014,2,20.22,-1.88
CATALUÑA,2014,3,19.1,-1.12
CATALUÑA,2014,4,19.88,0.78
CATALUÑA,2015,1,20.05,0.17
CATALUÑA,2015,2,19.1,-0.95
CATALUÑA,2015,3,17.49,-1.61
CATALUÑA,2015,4,17.73,0.24
CATALUÑA,2016,1,17.42,-0.31
CATALUÑA,2016,2,15.95,-1.47
CATALUÑA,2016,3,14.63,-1.32
CATALUÑA,2016,4,14.85,0.22
CATALUÑA,2017,1,15.28,0.43
CATALUÑA,2017,2,13.2,-2.08
CATALUÑA,2017,3,12.54,-0.66
CATALUÑA,2017,4,12.63,0.09
CATALUÑA,2018,1,12.19,-0.44
CATALUÑA,2018,2,11.39,-0.8
CATALUÑA,2018,3,10.63,-0.76
CEUTA,1976,3,0,0
CEUTA,1976,4,0,0
CEUTA,1977,1,0,0
CEUTA,1977,2,0,0
CEUTA,1977,3,0,0
CEUTA,1977,4,0,0
CEUTA,1978,1,0,0
CEUTA,1978,2,0,0
CEUTA,1978,3,0,0
CEUTA,1978,4,0,0
CEUTA,1979,1,0,0
CEUTA,1979,2,0,0
CEUTA,1979,3,0,0
CEUTA,1979,4,0,0
CEUTA,1980,1,0,0
CEUTA,1980,2,0,0
CEUTA,1980,3,0,0
CEUTA,1980,4,0,0
CEUTA,1981,1,0,0
CEUTA,1981,2,0,0
CEUTA,1981,3,0,0
CEUTA,1981,4,0,0
CEUTA,1982,1,0,0
CEUTA,1982,2,0,0
CEUTA,1982,3,0,0
CEUTA,1982,4,0,0
CEUTA,1983,1,0,0
CEUTA,1983,2,0,0
CEUTA,1983,3,0,0
CEUTA,1983,4,0,0
CEUTA,1984,1,0,0
CEUTA,1984,2,0,0
CEUTA,1984,3,0,0
CEUTA,1984,4,0,0
CEUTA,1985,1,0,0
CEUTA,1985,2,0,0
CEUTA,1985,3,0,0
CEUTA,1985,4,0,0
CEUTA,1986,1,0,0
CEUTA,1986,2,0,0
CEUTA,1986,3,0,0
CEUTA,1986,4,0,0
CEUTA,1987,1,0,0
CEUTA,1987,2,0,0
CEUTA,1987,3,0,0
CEUTA,1987,4,0,0
CEUTA,1988,1,0,0
CEUTA,1988,2,34.22,34.22
CEUTA,1988,3,33.22,-1
CEUTA,1988,4,32.88,-0.34
CEUTA,1989,1,34.03,1.15
CEUTA,1989,2,30.16,-3.87
CEUTA,1989,3,28.33,-1.83
CEUTA,1989,4,26.22,-2.11
CEUTA,1990,1,30.87,4.65
CEUTA,1990,2,28.61,-2.26
CEUTA,1990,3,29.06,0.45
CEUTA,1990,4,31.54,2.48
CEUTA,1991,1,28.84,-2.7
CEUTA,1991,2,29.22,0.38
CEUTA,1991,3,29.45,0.23
CEUTA,1991,4,29.88,0.43
CEUTA,1992,1,29.28,-0.6
CEUTA,1992,2,24.95,-4.33
CEUTA,1992,3,23,-1.95
CEUTA,1992,4,24.07,1.07
CEUTA,1993,1,23.81,-0.26
CEUTA,1993,2,21.88,-1.93
CEUTA,1993,3,23.83,1.95
CEUTA,1993,4,26.85,3.02
CEUTA,1994,1,27.85,1
CEUTA,1994,2,28.15,0.3
CEUTA,1994,3,29.23,1.08
CEUTA,1994,4,30.54,1.31
CEUTA,1995,1,26.76,-3.78
CEUTA,1995,2,33.31,6.55
CEUTA,1995,3,32,-1.31
CEUTA,1995,4,30.31,-1.69
CEUTA,1996,1,27.6,-2.71
CEUTA,1996,2,27.07,-0.53
CEUTA,1996,3,31.93,4.86
CEUTA,1996,4,29.32,-2.61
CEUTA,1997,1,26.72,-2.6
CEUTA,1997,2,25.78,-0.94
CEUTA,1997,3,28.29,2.51
CEUTA,1997,4,27.58,-0.71
CEUTA,1998,1,23.04,-4.54
CEUTA,1998,2,24.55,1.51
CEUTA,1998,3,25.87,1.32
CEUTA,1998,4,26.13,0.26
CEUTA,1999,1,26.45,0.32
CEUTA,1999,2,24.65,-1.8
CEUTA,1999,3,20.98,-3.67
CEUTA,1999,4,24.83,3.85
CEUTA,2000,1,25.48,0.65
CEUTA,2000,2,23.99,-1.49
CEUTA,2000,3,21.65,-2.34
CEUTA,2000,4,22.22,0.57
CEUTA,2001,1,6.85,-15.37
CEUTA,2001,2,5.57,-1.28
CEUTA,2001,3,3.47,-2.1
CEUTA,2001,4,5.1,1.63
CEUTA,2002,1,8.47,3.37
CEUTA,2002,1,7.01,-1.46
CEUTA,2002,2,4.28,-2.73
CEUTA,2002,2,7.66,3.38
CEUTA,2002,3,4.84,-2.82
CEUTA,2002,3,7.73,2.89
CEUTA,2002,4,4.3,-3.43
CEUTA,2002,4,5.7,1.4
CEUTA,2003,1,9.47,3.77
CEUTA,2003,2,9.79,0.32
CEUTA,2003,3,8.93,-0.86
CEUTA,2003,4,9.65,0.72
CEUTA,2004,1,15.25,5.6
CEUTA,2004,2,13.9,-1.35
CEUTA,2004,3,7.67,-6.23
CEUTA,2004,4,6.59,-1.08
CEUTA,2005,1,19.84,13.25
CEUTA,2005,2,23.09,3.25
CEUTA,2005,3,17.69,-5.4
CEUTA,2005,4,17.14,-0.55
CEUTA,2006,1,27.49,10.35
CEUTA,2006,2,23.18,-4.31
CEUTA,2006,3,19.79,-3.39
CEUTA,2006,4,14.44,-5.35
CEUTA,2007,1,22.53,8.09
CEUTA,2007,2,20.11,-2.42
CEUTA,2007,3,21.2,1.09
CEUTA,2007,4,20.18,-1.02
CEUTA,2008,1,16.81,-3.37
CEUTA,2008,2,19.48,2.67
CEUTA,2008,3,17.85,-1.63
CEUTA,2008,4,15.66,-2.19
CEUTA,2009,1,15.49,-0.17
CEUTA,2009,2,15.39,-0.1
CEUTA,2009,3,19.64,4.25
CEUTA,2009,4,24.01,4.37
CEUTA,2010,1,22.79,-1.22
CEUTA,2010,2,26.08,3.29
CEUTA,2010,3,21.98,-4.1
CEUTA,2010,4,24.83,2.85
CEUTA,2011,1,25.73,0.9
CEUTA,2011,2,27.02,1.29
CEUTA,2011,3,31.04,4.02
CEUTA,2011,4,27.19,-3.85
CEUTA,2012,1,34.71,7.52
CEUTA,2012,2,37.4,2.69
CEUTA,2012,3,38.8,1.4
CEUTA,2012,4,37.17,-1.63
CEUTA,2013,1,37.51,0.34
CEUTA,2013,2,33.91,-3.6
CEUTA,2013,3,30.96,-2.95
CEUTA,2013,4,36.78,5.82
CEUTA,2014,1,31.56,-5.22
CEUTA,2014,2,31.4,-0.16
CEUTA,2014,3,31.95,0.55
CEUTA,2014,4,32.46,0.51
CEUTA,2015,1,31.76,-0.7
CEUTA,2015,2,24.59,-7.17
CEUTA,2015,3,30.59,6
CEUTA,2015,4,23.25,-7.34
CEUTA,2016,1,26.21,2.96
CEUTA,2016,2,26.28,0.07
CEUTA,2016,3,24.64,-1.64
CEUTA,2016,4,22.39,-2.25
CEUTA,2017,1,23.3,0.91
CEUTA,2017,2,17.79,-5.51
CEUTA,2017,3,22.36,4.57
CEUTA,2017,4,26.03,3.67
CEUTA,2018,1,31.44,5.41
CEUTA,2018,2,29.46,-1.98
CEUTA,2018,3,30.79,1.33
EUSKADI,1976,3,3.45,0
EUSKADI,1976,4,3.76,0.31
EUSKADI,1977,1,3.61,-0.15
EUSKADI,1977,2,3.53,-0.08
EUSKADI,1977,3,3.76,0.23
EUSKADI,1977,4,4.89,1.13
EUSKADI,1978,1,6.43,1.54
EUSKADI,1978,2,6.89,0.46
EUSKADI,1978,3,7.36,0.47
EUSKADI,1978,4,7.69,0.33
EUSKADI,1979,1,8.26,0.57
EUSKADI,1979,2,8.91,0.65
EUSKADI,1979,3,9.71,0.8
EUSKADI,1979,4,10.55,0.84
EUSKADI,1980,1,11.16,0.61
EUSKADI,1980,2,12.1,0.94
EUSKADI,1980,3,12.61,0.51
EUSKADI,1980,4,13.64,1.03
EUSKADI,1981,1,14.61,0.97
EUSKADI,1981,2,14.88,0.27
EUSKADI,1981,3,16.14,1.26
EUSKADI,1981,4,17.23,1.09
EUSKADI,1982,1,17.5,0.27
EUSKADI,1982,2,17.54,0.04
EUSKADI,1982,3,18.33,0.79
EUSKADI,1982,4,19.29,0.96
EUSKADI,1983,1,19.61,0.32
EUSKADI,1983,2,19.76,0.15
EUSKADI,1983,3,19.53,-0.23
EUSKADI,1983,4,19.56,0.03
EUSKADI,1984,1,21.46,1.9
EUSKADI,1984,2,21.43,-0.03
EUSKADI,1984,3,21.34,-0.09
EUSKADI,1984,4,22.18,0.84
EUSKADI,1985,1,22.73,0.55
EUSKADI,1985,2,22.59,-0.14
EUSKADI,1985,3,24.06,1.47
EUSKADI,1985,4,22.69,-1.37
EUSKADI,1986,1,23.57,0.88
EUSKADI,1986,2,23.67,0.1
EUSKADI,1986,3,22.98,-0.69
EUSKADI,1986,4,22.5,-0.48
EUSKADI,1987,1,23.87,1.37
EUSKADI,1987,2,21.59,-2.28
EUSKADI,1987,3,21.62,0.03
EUSKADI,1987,4,21.42,-0.2
EUSKADI,1988,1,21.66,0.24
EUSKADI,1988,2,20.93,-0.73
EUSKADI,1988,3,21.24,0.31
EUSKADI,1988,4,21.03,-0.21
EUSKADI,1989,1,20.54,-0.49
EUSKADI,1989,2,19.31,-1.23
EUSKADI,1989,3,18.58,-0.73
EUSKADI,1989,4,18.67,0.09
EUSKADI,1990,1,18.74,0.07
EUSKADI,1990,2,19.12,0.38
EUSKADI,1990,3,17.84,-1.28
EUSKADI,1990,4,18.86,1.02
EUSKADI,1991,1,18.02,-0.84
EUSKADI,1991,2,18.7,0.68
EUSKADI,1991,3,18.32,-0.38
EUSKADI,1991,4,18.05,-0.27
EUSKADI,1992,1,18.65,0.6
EUSKADI,1992,2,18.6,-0.05
EUSKADI,1992,3,19.13,0.53
EUSKADI,1992,4,21.87,2.74
EUSKADI,1993,1,23.15,1.28
EUSKADI,1993,2,22.7,-0.45
EUSKADI,1993,3,23.32,0.62
EUSKADI,1993,4,24.45,1.13
EUSKADI,1994,1,24.8,0.35
EUSKADI,1994,2,24.45,-0.35
EUSKADI,1994,3,24.33,-0.12
EUSKADI,1994,4,23.99,-0.34
EUSKADI,1995,1,23.76,-0.23
EUSKADI,1995,2,22.59,-1.17
EUSKADI,1995,3,21.55,-1.04
EUSKADI,1995,4,22.24,0.69
EUSKADI,1996,1,21.6,-0.64
EUSKADI,1996,2,21.14,-0.46
EUSKADI,1996,3,20.21,-0.93
EUSKADI,1996,4,19.51,-0.7
EUSKADI,1997,1,19.29,-0.22
EUSKADI,1997,2,18.5,-0.79
EUSKADI,1997,3,18.64,0.14
EUSKADI,1997,4,19.09,0.45
EUSKADI,1998,1,18.11,-0.98
EUSKADI,1998,2,17.42,-0.69
EUSKADI,1998,3,16.54,-0.88
EUSKADI,1998,4,15.55,-0.99
EUSKADI,1999,1,14.23,-1.32
EUSKADI,1999,2,13.92,-0.31
EUSKADI,1999,3,13.84,-0.08
EUSKADI,1999,4,13.45,-0.39
EUSKADI,2000,1,12.7,-0.75
EUSKADI,2000,2,11.86,-0.84
EUSKADI,2000,3,11.84,-0.02
EUSKADI,2000,4,11.9,0.06
EUSKADI,2001,1,10.66,-1.24
EUSKADI,2001,2,9.59,-1.07
EUSKADI,2001,3,9.16,-0.43
EUSKADI,2001,4,9.74,0.58
EUSKADI,2002,1,9.66,-0.08
EUSKADI,2002,1,9.56,-0.1
EUSKADI,2002,2,9.35,-0.21
EUSKADI,2002,2,9.19,-0.16
EUSKADI,2002,3,9.79,0.6
EUSKADI,2002,3,9.85,0.06
EUSKADI,2002,4,9.54,-0.31
EUSKADI,2002,4,9.64,0.1
EUSKADI,2003,1,9.61,-0.03
EUSKADI,2003,2,9.19,-0.42
EUSKADI,2003,3,9.27,0.08
EUSKADI,2003,4,9.93,0.66
EUSKADI,2004,1,10.7,0.77
EUSKADI,2004,2,9.6,-1.1
EUSKADI,2004,3,9.71,0.11
EUSKADI,2004,4,9.26,-0.45
EUSKADI,2005,1,8.01,-1.25
EUSKADI,2005,2,7.7,-0.31
EUSKADI,2005,3,7.49,-0.21
EUSKADI,2005,4,6.45,-1.04
EUSKADI,2006,1,7.8,1.35
EUSKADI,2006,2,7.25,-0.55
EUSKADI,2006,3,6.69,-0.56
EUSKADI,2006,4,6.92,0.23
EUSKADI,2007,1,6.64,-0.28
EUSKADI,2007,2,6.19,-0.45
EUSKADI,2007,3,6.16,-0.03
EUSKADI,2007,4,5.9,-0.26
EUSKADI,2008,1,5.8,-0.1
EUSKADI,2008,2,5.77,-0.03
EUSKADI,2008,3,6.44,0.67
EUSKADI,2008,4,8.48,2.04
EUSKADI,2009,1,10.61,2.13
EUSKADI,2009,2,10.76,0.15
EUSKADI,2009,3,11.85,1.09
EUSKADI,2009,4,12.13,0.28
EUSKADI,2010,1,11.1,-1.03
EUSKADI,2010,2,10.6,-0.5
EUSKADI,2010,3,10.08,-0.52
EUSKADI,2010,4,10.98,0.9
EUSKADI,2011,1,11.92,0.94
EUSKADI,2011,2,11.83,-0.09
EUSKADI,2011,3,12.48,0.65
EUSKADI,2011,4,13.16,0.68
EUSKADI,2012,1,14.25,1.09
EUSKADI,2012,2,15.29,1.04
EUSKADI,2012,3,16.25,0.96
EUSKADI,2012,4,16.6,0.35
EUSKADI,2013,1,17.08,0.48
EUSKADI,2013,2,16.18,-0.9
EUSKADI,2013,3,16.45,0.27
EUSKADI,2013,4,16.58,0.13
EUSKADI,2014,1,17.36,0.78
EUSKADI,2014,2,16.13,-1.23
EUSKADI,2014,3,15.21,-0.92
EUSKADI,2014,4,16.6,1.39
EUSKADI,2015,1,16.43,-0.17
EUSKADI,2015,2,15.98,-0.45
EUSKADI,2015,3,13.76,-2.22
EUSKADI,2015,4,12.89,-0.87
EUSKADI,2016,1,12.8,-0.09
EUSKADI,2016,2,12.5,-0.3
EUSKADI,2016,3,12.8,0.3
EUSKADI,2016,4,12.27,-0.53
EUSKADI,2017,1,11.86,-0.41
EUSKADI,2017,2,11.23,-0.63
EUSKADI,2017,3,11.56,0.33
EUSKADI,2017,4,10.57,-0.99
EUSKADI,2018,1,10.76,0.19
EUSKADI,2018,2,10.12,-0.64
EUSKADI,2018,3,9.42,-0.7
EXTREMADURA,1976,3,4.27,0
EXTREMADURA,1976,4,5.85,1.58
EXTREMADURA,1977,1,8.45,2.6
EXTREMADURA,1977,2,8.04,-0.41
EXTREMADURA,1977,3,9.41,1.37
EXTREMADURA,1977,4,8.03,-1.38
EXTREMADURA,1978,1,10.38,2.35
EXTREMADURA,1978,2,9.77,-0.61
EXTREMADURA,1978,3,10.81,1.04
EXTREMADURA,1978,4,10.1,-0.71
EXTREMADURA,1979,1,13.04,2.94
EXTREMADURA,1979,2,13.9,0.86
EXTREMADURA,1979,3,11.8,-2.1
EXTREMADURA,1979,4,15.2,3.4
EXTREMADURA,1980,1,15.12,-0.08
EXTREMADURA,1980,2,15.68,0.56
EXTREMADURA,1980,3,13.74,-1.94
EXTREMADURA,1980,4,15.41,1.67
EXTREMADURA,1981,1,16.58,1.17
EXTREMADURA,1981,2,16.48,-0.1
EXTREMADURA,1981,3,15.38,-1.1
EXTREMADURA,1981,4,17.59,2.21
EXTREMADURA,1982,1,17.39,-0.2
EXTREMADURA,1982,2,17.39,0
EXTREMADURA,1982,3,17.31,-0.08
EXTREMADURA,1982,4,17.44,0.13
EXTREMADURA,1983,1,17.37,-0.07
EXTREMADURA,1983,2,17.01,-0.36
EXTREMADURA,1983,3,15.02,-1.99
EXTREMADURA,1983,4,15.99,0.97
EXTREMADURA,1984,1,25.59,9.6
EXTREMADURA,1984,2,27.62,2.03
EXTREMADURA,1984,3,25.92,-1.7
EXTREMADURA,1984,4,26.96,1.04
EXTREMADURA,1985,1,28.61,1.65
EXTREMADURA,1985,2,27.44,-1.17
EXTREMADURA,1985,3,25.74,-1.7
EXTREMADURA,1985,4,26.21,0.47
EXTREMADURA,1986,1,29.75,3.54
EXTREMADURA,1986,2,27.85,-1.9
EXTREMADURA,1986,3,25.37,-2.48
EXTREMADURA,1986,4,26.72,1.35
EXTREMADURA,1987,1,27.38,0.66
EXTREMADURA,1987,2,25.46,-1.92
EXTREMADURA,1987,3,26.15,0.69
EXTREMADURA,1987,4,26.74,0.59
EXTREMADURA,1988,1,27.9,1.16
EXTREMADURA,1988,2,26.49,-1.41
EXTREMADURA,1988,3,25.11,-1.38
EXTREMADURA,1988,4,25.36,0.25
EXTREMADURA,1989,1,28.9,3.54
EXTREMADURA,1989,2,26.82,-2.08
EXTREMADURA,1989,3,24.09,-2.73
EXTREMADURA,1989,4,26.72,2.63
EXTREMADURA,1990,1,26.8,0.08
EXTREMADURA,1990,2,25.72,-1.08
EXTREMADURA,1990,3,23.14,-2.58
EXTREMADURA,1990,4,23.69,0.55
EXTREMADURA,1991,1,23.86,0.17
EXTREMADURA,1991,2,24.32,0.46
EXTREMADURA,1991,3,21.96,-2.36
EXTREMADURA,1991,4,25.88,3.92
EXTREMADURA,1992,1,26.91,1.03
EXTREMADURA,1992,2,26.46,-0.45
EXTREMADURA,1992,3,24.65,-1.81
EXTREMADURA,1992,4,25.54,0.89
EXTREMADURA,1993,1,30.04,4.5
EXTREMADURA,1993,2,30.26,0.22
EXTREMADURA,1993,3,28.74,-1.52
EXTREMADURA,1993,4,30.8,2.06
EXTREMADURA,1994,1,31.95,1.15
EXTREMADURA,1994,2,32.25,0.3
EXTREMADURA,1994,3,30.3,-1.95
EXTREMADURA,1994,4,32.07,1.77
EXTREMADURA,1995,1,32.48,0.41
EXTREMADURA,1995,2,30.8,-1.68
EXTREMADURA,1995,3,28.84,-1.96
EXTREMADURA,1995,4,31.09,2.25
EXTREMADURA,1996,1,32.04,0.95
EXTREMADURA,1996,2,30.29,-1.75
EXTREMADURA,1996,3,27.79,-2.5
EXTREMADURA,1996,4,30.71,2.92
EXTREMADURA,1997,1,30.19,-0.52
EXTREMADURA,1997,2,29.24,-0.95
EXTREMADURA,1997,3,27.17,-2.07
EXTREMADURA,1997,4,29.85,2.68
EXTREMADURA,1998,1,29.88,0.03
EXTREMADURA,1998,2,28.38,-1.5
EXTREMADURA,1998,3,27.96,-0.42
EXTREMADURA,1998,4,29.38,1.42
EXTREMADURA,1999,1,28.13,-1.25
EXTREMADURA,1999,2,24.87,-3.26
EXTREMADURA,1999,3,22.99,-1.88
EXTREMADURA,1999,4,24.49,1.5
EXTREMADURA,2000,1,24.1,-0.39
EXTREMADURA,2000,2,24.19,0.09
EXTREMADURA,2000,3,23.03,-1.16
EXTREMADURA,2000,4,23.19,0.16
EXTREMADURA,2001,1,15.4,-7.79
EXTREMADURA,2001,2,13.94,-1.46
EXTREMADURA,2001,3,14.56,0.62
EXTREMADURA,2001,4,14.15,-0.41
EXTREMADURA,2002,1,19.89,5.74
EXTREMADURA,2002,1,19.79,-0.1
EXTREMADURA,2002,2,18.61,-1.18
EXTREMADURA,2002,2,18.38,-0.23
EXTREMADURA,2002,3,19.34,0.96
EXTREMADURA,2002,3,19.09,-0.25
EXTREMADURA,2002,4,19.03,-0.06
EXTREMADURA,2002,4,18.91,-0.12
EXTREMADURA,2003,1,19.55,0.64
EXTREMADURA,2003,2,16.48,-3.07
EXTREMADURA,2003,3,15.99,-0.49
EXTREMADURA,2003,4,17.14,1.15
EXTREMADURA,2004,1,17.03,-0.11
EXTREMADURA,2004,2,18.04,1.01
EXTREMADURA,2004,3,16.28,-1.76
EXTREMADURA,2004,4,17.65,1.37
EXTREMADURA,2005,1,17.38,-0.27
EXTREMADURA,2005,2,15.18,-2.2
EXTREMADURA,2005,3,15.22,0.04
EXTREMADURA,2005,4,15.16,-0.06
EXTREMADURA,2006,1,15.65,0.49
EXTREMADURA,2006,2,13.53,-2.12
EXTREMADURA,2006,3,11.13,-2.4
EXTREMADURA,2006,4,12.94,1.81
EXTREMADURA,2007,1,12.75,-0.19
EXTREMADURA,2007,2,12,-0.75
EXTREMADURA,2007,3,12.34,0.34
EXTREMADURA,2007,4,14.79,2.45
EXTREMADURA,2008,1,14.47,-0.32
EXTREMADURA,2008,2,14.1,-0.37
EXTREMADURA,2008,3,14.72,0.62
EXTREMADURA,2008,4,18.11,3.39
EXTREMADURA,2009,1,21.95,3.84
EXTREMADURA,2009,2,20.22,-1.73
EXTREMADURA,2009,3,19.14,-1.08
EXTREMADURA,2009,4,21.21,2.07
EXTREMADURA,2010,1,23.2,1.99
EXTREMADURA,2010,2,22.4,-0.8
EXTREMADURA,2010,3,22.33,-0.07
EXTREMADURA,2010,4,23.95,1.62
EXTREMADURA,2011,1,25.12,1.17
EXTREMADURA,2011,2,23.25,-1.87
EXTREMADURA,2011,3,23.62,0.37
EXTREMADURA,2011,4,28.33,4.71
EXTREMADURA,2012,1,32.12,3.79
EXTREMADURA,2012,2,33.54,1.42
EXTREMADURA,2012,3,32.67,-0.87
EXTREMADURA,2012,4,33.97,1.3
EXTREMADURA,2013,1,35.67,1.7
EXTREMADURA,2013,2,34.07,-1.6
EXTREMADURA,2013,3,33.33,-0.74
EXTREMADURA,2013,4,32.4,-0.93
EXTREMADURA,2014,1,32.14,-0.26
EXTREMADURA,2014,2,29.43,-2.71
EXTREMADURA,2014,3,27.64,-1.79
EXTREMADURA,2014,4,29.96,2.32
EXTREMADURA,2015,1,30.24,0.28
EXTREMADURA,2015,2,29.56,-0.68
EXTREMADURA,2015,3,28.51,-1.05
EXTREMADURA,2015,4,28.07,-0.44
EXTREMADURA,2016,1,29.13,1.06
EXTREMADURA,2016,2,27.01,-2.12
EXTREMADURA,2016,3,25.61,-1.4
EXTREMADURA,2016,4,28.31,2.7
EXTREMADURA,2017,1,29.23,0.92
EXTREMADURA,2017,2,25.76,-3.47
EXTREMADURA,2017,3,24.76,-1
EXTREMADURA,2017,4,25.12,0.36
EXTREMADURA,2018,1,25.94,0.82
EXTREMADURA,2018,2,23.85,-2.09
EXTREMADURA,2018,3,21.68,-2.17
GALICIA,1976,3,1.56,0
GALICIA,1976,4,1.82,0.26
GALICIA,1977,1,1.74,-0.08
GALICIA,1977,2,1.68,-0.06
GALICIA,1977,3,1.81,0.13
GALICIA,1977,4,2.19,0.38
GALICIA,1978,1,2.43,0.24
GALICIA,1978,2,2.79,0.36
GALICIA,1978,3,2.44,-0.35
GALICIA,1978,4,2.5,0.06
GALICIA,1979,1,2.79,0.29
GALICIA,1979,2,2.86,0.07
GALICIA,1979,3,3.57,0.71
GALICIA,1979,4,4.39,0.82
GALICIA,1980,1,4.89,0.5
GALICIA,1980,2,4.56,-0.33
GALICIA,1980,3,4.77,0.21
GALICIA,1980,4,5.83,1.06
GALICIA,1981,1,6.04,0.21
GALICIA,1981,2,5.9,-0.14
GALICIA,1981,3,5.97,0.07
GALICIA,1981,4,6.57,0.6
GALICIA,1982,1,7.07,0.5
GALICIA,1982,2,7.01,-0.06
GALICIA,1982,3,7.3,0.29
GALICIA,1982,4,8.7,1.4
GALICIA,1983,1,9.03,0.33
GALICIA,1983,2,9.92,0.89
GALICIA,1983,3,9.8,-0.12
GALICIA,1983,4,10.81,1.01
GALICIA,1984,1,11.19,0.38
GALICIA,1984,2,11.21,0.02
GALICIA,1984,3,11.34,0.13
GALICIA,1984,4,12.68,1.34
GALICIA,1985,1,13.61,0.93
GALICIA,1985,2,12.87,-0.74
GALICIA,1985,3,12.46,-0.41
GALICIA,1985,4,13,0.54
GALICIA,1986,1,13.51,0.51
GALICIA,1986,2,13.91,0.4
GALICIA,1986,3,13.16,-0.75
GALICIA,1986,4,13.24,0.08
GALICIA,1987,1,13.71,0.47
GALICIA,1987,2,13.13,-0.58
GALICIA,1987,3,12.12,-1.01
GALICIA,1987,4,12.01,-0.11
GALICIA,1988,1,12.5,0.49
GALICIA,1988,2,13.23,0.73
GALICIA,1988,3,11.67,-1.56
GALICIA,1988,4,12.33,0.66
GALICIA,1989,1,12.74,0.41
GALICIA,1989,2,12.59,-0.15
GALICIA,1989,3,12.19,-0.4
GALICIA,1989,4,11.75,-0.44
GALICIA,1990,1,12.98,1.23
GALICIA,1990,2,12.21,-0.77
GALICIA,1990,3,11.62,-0.59
GALICIA,1990,4,12.33,0.71
GALICIA,1991,1,12.49,0.16
GALICIA,1991,2,12.56,0.07
GALICIA,1991,3,11.99,-0.57
GALICIA,1991,4,12.8,0.81
GALICIA,1992,1,15.26,2.46
GALICIA,1992,2,16.27,1.01
GALICIA,1992,3,16.2,-0.07
GALICIA,1992,4,17.24,1.04
GALICIA,1993,1,18.26,1.02
GALICIA,1993,2,17.84,-0.42
GALICIA,1993,3,17.99,0.15
GALICIA,1993,4,19.26,1.27
GALICIA,1994,1,20.75,1.49
GALICIA,1994,2,20.22,-0.53
GALICIA,1994,3,19.37,-0.85
GALICIA,1994,4,19.38,0.01
GALICIA,1995,1,19.35,-0.03
GALICIA,1995,2,17.71,-1.64
GALICIA,1995,3,16.74,-0.97
GALICIA,1995,4,18.41,1.67
GALICIA,1996,1,18.54,0.13
GALICIA,1996,2,19.03,0.49
GALICIA,1996,3,17.95,-1.08
GALICIA,1996,4,19.06,1.11
GALICIA,1997,1,19.71,0.65
GALICIA,1997,2,19.02,-0.69
GALICIA,1997,3,17.54,-1.48
GALICIA,1997,4,17.36,-0.18
GALICIA,1998,1,18.22,0.86
GALICIA,1998,2,17.07,-1.15
GALICIA,1998,3,17.04,-0.03
GALICIA,1998,4,17.07,0.03
GALICIA,1999,1,17.05,-0.02
GALICIA,1999,2,16.29,-0.76
GALICIA,1999,3,15.4,-0.89
GALICIA,1999,4,16.03,0.63
GALICIA,2000,1,16.03,0
GALICIA,2000,2,14.63,-1.4
GALICIA,2000,3,14.53,-0.1
GALICIA,2000,4,14.31,-0.22
GALICIA,2001,1,12.03,-2.28
GALICIA,2001,2,11.37,-0.66
GALICIA,2001,3,10.1,-1.27
GALICIA,2001,4,10.57,0.47
GALICIA,2002,1,13.37,2.8
GALICIA,2002,1,13.39,0.02
GALICIA,2002,2,11.97,-1.42
GALICIA,2002,2,12.05,0.08
GALICIA,2002,3,11.33,-0.72
GALICIA,2002,3,11.26,-0.07
GALICIA,2002,4,11.99,0.73
GALICIA,2002,4,11.89,-0.1
GALICIA,2003,1,12.87,0.98
GALICIA,2003,2,11.88,-0.99
GALICIA,2003,3,12.48,0.6
GALICIA,2003,4,13.46,0.98
GALICIA,2004,1,14.62,1.16
GALICIA,2004,2,14.13,-0.49
GALICIA,2004,3,12.93,-1.2
GALICIA,2004,4,12.47,-0.46
GALICIA,2005,1,10.79,-1.68
GALICIA,2005,2,11.03,0.24
GALICIA,2005,3,8.59,-2.44
GALICIA,2005,4,9.14,0.55
GALICIA,2006,1,9.91,0.77
GALICIA,2006,2,8.45,-1.46
GALICIA,2006,3,7.17,-1.28
GALICIA,2006,4,7.88,0.71
GALICIA,2007,1,8.72,0.84
GALICIA,2007,2,7.5,-1.22
GALICIA,2007,3,6.63,-0.87
GALICIA,2007,4,7.46,0.83
GALICIA,2008,1,8.34,0.88
GALICIA,2008,2,8.25,-0.09
GALICIA,2008,3,8.31,0.06
GALICIA,2008,4,9.64,1.33
GALICIA,2009,1,12.09,2.45
GALICIA,2009,2,12.63,0.54
GALICIA,2009,3,12.23,-0.4
GALICIA,2009,4,12.8,0.57
GALICIA,2010,1,15.39,2.59
GALICIA,2010,2,15.49,0.1
GALICIA,2010,3,14.8,-0.69
GALICIA,2010,4,15.62,0.82
GALICIA,2011,1,17.19,1.57
GALICIA,2011,2,16.63,-0.56
GALICIA,2011,3,17.05,0.42
GALICIA,2011,4,18.17,1.12
GALICIA,2012,1,20.1,1.93
GALICIA,2012,2,20.93,0.83
GALICIA,2012,3,19.97,-0.96
GALICIA,2012,4,21.13,1.16
GALICIA,2013,1,22.26,1.13
GALICIA,2013,2,22.41,0.15
GALICIA,2013,3,21.62,-0.79
GALICIA,2013,4,21.88,0.26
GALICIA,2014,1,23.2,1.32
GALICIA,2014,2,22.29,-0.91
GALICIA,2014,3,20.25,-2.04
GALICIA,2014,4,20.87,0.62
GALICIA,2015,1,21.83,0.96
GALICIA,2015,2,20,-1.83
GALICIA,2015,3,17.66,-2.34
GALICIA,2015,4,17.74,0.08
GALICIA,2016,1,18.24,0.5
GALICIA,2016,2,17.74,-0.5
GALICIA,2016,3,16.35,-1.39
GALICIA,2016,4,16.29,-0.06
GALICIA,2017,1,17.36,1.07
GALICIA,2017,2,16.11,-1.25
GALICIA,2017,3,14.49,-1.62
GALICIA,2017,4,14.71,0.22
GALICIA,2018,1,15.08,0.37
GALICIA,2018,2,13.99,-1.09
GALICIA,2018,3,12.24,-1.75
MADRID,1976,3,4.66,0
MADRID,1976,4,4.58,-0.08
MADRID,1977,1,5.13,0.55
MADRID,1977,2,4.26,-0.87
MADRID,1977,3,5.11,0.85
MADRID,1977,4,6.47,1.36
MADRID,1978,1,7.32,0.85
MADRID,1978,2,7.74,0.42
MADRID,1978,3,8.56,0.82
MADRID,1978,4,9.54,0.98
MADRID,1979,1,10.06,0.52
MADRID,1979,2,10.39,0.33
MADRID,1979,3,10.26,-0.13
MADRID,1979,4,10.8,0.54
MADRID,1980,1,11.96,1.16
MADRID,1980,2,12.56,0.6
MADRID,1980,3,12.15,-0.41
MADRID,1980,4,13.47,1.32
MADRID,1981,1,14.72,1.25
MADRID,1981,2,13.8,-0.92
MADRID,1981,3,14.29,0.49
MADRID,1981,4,14.6,0.31
MADRID,1982,1,13.52,-1.08
MADRID,1982,2,14.19,0.67
MADRID,1982,3,14.67,0.48
MADRID,1982,4,15.62,0.95
MADRID,1983,1,15.9,0.28
MADRID,1983,2,15.55,-0.35
MADRID,1983,3,17.38,1.83
MADRID,1983,4,17.98,0.6
MADRID,1984,1,18.96,0.98
MADRID,1984,2,18.36,-0.6
MADRID,1984,3,19.35,0.99
MADRID,1984,4,20.88,1.53
MADRID,1985,1,21.13,0.25
MADRID,1985,2,20.74,-0.39
MADRID,1985,3,20.22,-0.52
MADRID,1985,4,22.27,2.05
MADRID,1986,1,21.07,-1.2
MADRID,1986,2,19.84,-1.23
MADRID,1986,3,18.67,-1.17
MADRID,1986,4,17.83,-0.84
MADRID,1987,1,17.5,-0.33
MADRID,1987,2,15.5,-2
MADRID,1987,3,15.85,0.35
MADRID,1987,4,16.88,1.03
MADRID,1988,1,17.29,0.41
MADRID,1988,2,16.69,-0.6
MADRID,1988,3,16.28,-0.41
MADRID,1988,4,14.3,-1.98
MADRID,1989,1,14.2,-0.1
MADRID,1989,2,13.08,-1.12
MADRID,1989,3,12.39,-0.69
MADRID,1989,4,12.33,-0.06
MADRID,1990,1,12.81,0.48
MADRID,1990,2,12.23,-0.58
MADRID,1990,3,12.49,0.26
MADRID,1990,4,11.4,-1.09
MADRID,1991,1,11.32,-0.08
MADRID,1991,2,11.26,-0.06
MADRID,1991,3,12,0.74
MADRID,1991,4,12.72,0.72
MADRID,1992,1,11.51,-1.21
MADRID,1992,2,12.21,0.7
MADRID,1992,3,12.65,0.44
MADRID,1992,4,15.47,2.82
MADRID,1993,1,16.46,0.99
MADRID,1993,2,16.91,0.45
MADRID,1993,3,18.13,1.22
MADRID,1993,4,19.57,1.44
MADRID,1994,1,20.88,1.31
MADRID,1994,2,20.36,-0.52
MADRID,1994,3,20.4,0.04
MADRID,1994,4,20.64,0.24
MADRID,1995,1,20.31,-0.33
MADRID,1995,2,20.22,-0.09
MADRID,1995,3,20.58,0.36
MADRID,1995,4,20.75,0.17
MADRID,1996,1,21.1,0.35
MADRID,1996,2,20.3,-0.8
MADRID,1996,3,19.5,-0.8
MADRID,1996,4,19.81,0.31
MADRID,1997,1,18.54,-1.27
MADRID,1997,2,17.69,-0.85
MADRID,1997,3,17.65,-0.04
MADRID,1997,4,18.05,0.4
MADRID,1998,1,17.75,-0.3
MADRID,1998,2,16.83,-0.92
MADRID,1998,3,16.35,-0.48
MADRID,1998,4,16.21,-0.14
MADRID,1999,1,14.68,-1.53
MADRID,1999,2,12.76,-1.92
MADRID,1999,3,12.24,-0.52
MADRID,1999,4,12.05,-0.19
MADRID,2000,1,12.17,0.12
MADRID,2000,2,11.53,-0.64
MADRID,2000,3,11.16,-0.37
MADRID,2000,4,11.39,0.23
MADRID,2001,1,8.23,-3.16
MADRID,2001,2,7.46,-0.77
MADRID,2001,3,7.01,-0.45
MADRID,2001,4,7.59,0.58
MADRID,2002,1,7.45,-0.14
MADRID,2002,1,7.49,0.04
MADRID,2002,2,6.94,-0.55
MADRID,2002,2,6.96,0.02
MADRID,2002,3,7.67,0.71
MADRID,2002,3,7.75,0.08
MADRID,2002,4,7,-0.75
MADRID,2002,4,6.99,-0.01
MADRID,2003,1,7.77,0.78
MADRID,2003,2,7.06,-0.71
MADRID,2003,3,7.48,0.42
MADRID,2003,4,7.16,-0.32
MADRID,2004,1,6.65,-0.51
MADRID,2004,2,6.86,0.21
MADRID,2004,3,6.49,-0.37
MADRID,2004,4,6.95,0.46
MADRID,2005,1,8.26,1.31
MADRID,2005,2,6.96,-1.3
MADRID,2005,3,6.22,-0.74
MADRID,2005,4,5.9,-0.32
MADRID,2006,1,5.87,-0.03
MADRID,2006,2,6.91,1.04
MADRID,2006,3,5.97,-0.94
MADRID,2006,4,6.46,0.49
MADRID,2007,1,6.43,-0.03
MADRID,2007,2,6.17,-0.26
MADRID,2007,3,5.97,-0.2
MADRID,2007,4,6.4,0.43
MADRID,2008,1,7.39,0.99
MADRID,2008,2,8.67,1.28
MADRID,2008,3,8.32,-0.35
MADRID,2008,4,10.02,1.7
MADRID,2009,1,13.36,3.34
MADRID,2009,2,13.4,0.04
MADRID,2009,3,14.18,0.78
MADRID,2009,4,14.48,0.3
MADRID,2010,1,15.89,1.41
MADRID,2010,2,16.18,0.29
MADRID,2010,3,15.76,-0.42
MADRID,2010,4,15.54,-0.22
MADRID,2011,1,15.18,-0.36
MADRID,2011,2,15.62,0.44
MADRID,2011,3,16.59,0.97
MADRID,2011,4,17.96,1.37
MADRID,2012,1,18.15,0.19
MADRID,2012,2,18.42,0.27
MADRID,2012,3,18.23,-0.19
MADRID,2012,4,19.32,1.09
MADRID,2013,1,19.99,0.67
MADRID,2013,2,19.2,-0.79
MADRID,2013,3,19.41,0.21
MADRID,2013,4,20.45,1.04
MADRID,2014,1,20.43,-0.02
MADRID,2014,2,19.03,-1.4
MADRID,2014,3,17.53,-1.5
MADRID,2014,4,18,0.47
MADRID,2015,1,17.79,-0.21
MADRID,2015,2,17.66,-0.13
MADRID,2015,3,16.27,-1.39
MADRID,2015,4,16.51,0.24
MADRID,2016,1,16.81,0.3
MADRID,2016,2,16.25,-0.56
MADRID,2016,3,15.19,-1.06
MADRID,2016,4,14.6,-0.59
MADRID,2017,1,14.23,-0.37
MADRID,2017,2,13.04,-1.19
MADRID,2017,3,12.35,-0.69
MADRID,2017,4,13.75,1.4
MADRID,2018,1,13.4,-0.35
MADRID,2018,2,12.08,-1.32
MADRID,2018,3,11.86,-0.22
MELILLA,1976,3,0,0
MELILLA,1976,4,0,0
MELILLA,1977,1,0,0
MELILLA,1977,2,0,0
MELILLA,1977,3,0,0
MELILLA,1977,4,0,0
MELILLA,1978,1,0,0
MELILLA,1978,2,0,0
MELILLA,1978,3,0,0
MELILLA,1978,4,0,0
MELILLA,1979,1,0,0
MELILLA,1979,2,0,0
MELILLA,1979,3,0,0
MELILLA,1979,4,0,0
MELILLA,1980,1,0,0
MELILLA,1980,2,0,0
MELILLA,1980,3,0,0
MELILLA,1980,4,0,0
MELILLA,1981,1,0,0
MELILLA,1981,2,0,0
MELILLA,1981,3,0,0
MELILLA,1981,4,0,0
MELILLA,1982,1,0,0
MELILLA,1982,2,0,0
MELILLA,1982,3,0,0
MELILLA,1982,4,0,0
MELILLA,1983,1,0,0
MELILLA,1983,2,0,0
MELILLA,1983,3,0,0
MELILLA,1983,4,0,0
MELILLA,1984,1,0,0
MELILLA,1984,2,0,0
MELILLA,1984,3,0,0
MELILLA,1984,4,0,0
MELILLA,1985,1,0,0
MELILLA,1985,2,0,0
MELILLA,1985,3,0,0
MELILLA,1985,4,0,0
MELILLA,1986,1,0,0
MELILLA,1986,2,0,0
MELILLA,1986,3,0,0
MELILLA,1986,4,0,0
MELILLA,1987,1,0,0
MELILLA,1987,2,0,0
MELILLA,1987,3,0,0
MELILLA,1987,4,0,0
MELILLA,1988,1,0,0
MELILLA,1988,2,34.22,34.22
MELILLA,1988,3,33.22,-1
MELILLA,1988,4,32.88,-0.34
MELILLA,1989,1,34.03,1.15
MELILLA,1989,2,30.16,-3.87
MELILLA,1989,3,28.33,-1.83
MELILLA,1989,4,26.22,-2.11
MELILLA,1990,1,30.87,4.65
MELILLA,1990,2,28.61,-2.26
MELILLA,1990,3,29.06,0.45
MELILLA,1990,4,31.54,2.48
MELILLA,1991,1,28.84,-2.7
MELILLA,1991,2,29.22,0.38
MELILLA,1991,3,29.45,0.23
MELILLA,1991,4,29.88,0.43
MELILLA,1992,1,29.28,-0.6
MELILLA,1992,2,24.95,-4.33
MELILLA,1992,3,23,-1.95
MELILLA,1992,4,24.07,1.07
MELILLA,1993,1,23.81,-0.26
MELILLA,1993,2,21.88,-1.93
MELILLA,1993,3,23.83,1.95
MELILLA,1993,4,26.85,3.02
MELILLA,1994,1,27.85,1
MELILLA,1994,2,28.15,0.3
MELILLA,1994,3,29.23,1.08
MELILLA,1994,4,30.54,1.31
MELILLA,1995,1,26.76,-3.78
MELILLA,1995,2,33.31,6.55
MELILLA,1995,3,32,-1.31
MELILLA,1995,4,30.31,-1.69
MELILLA,1996,1,27.6,-2.71
MELILLA,1996,2,27.07,-0.53
MELILLA,1996,3,31.93,4.86
MELILLA,1996,4,29.32,-2.61
MELILLA,1997,1,26.72,-2.6
MELILLA,1997,2,25.78,-0.94
MELILLA,1997,3,28.29,2.51
MELILLA,1997,4,27.58,-0.71
MELILLA,1998,1,23.04,-4.54
MELILLA,1998,2,24.55,1.51
MELILLA,1998,3,25.87,1.32
MELILLA,1998,4,26.13,0.26
MELILLA,1999,1,26.45,0.32
MELILLA,1999,2,24.65,-1.8
MELILLA,1999,3,20.98,-3.67
MELILLA,1999,4,24.83,3.85
MELILLA,2000,1,25.48,0.65
MELILLA,2000,2,23.99,-1.49
MELILLA,2000,3,21.65,-2.34
MELILLA,2000,4,22.22,0.57
MELILLA,2001,1,6.85,-15.37
MELILLA,2001,2,5.57,-1.28
MELILLA,2001,3,3.47,-2.1
MELILLA,2001,4,5.1,1.63
MELILLA,2002,1,8.47,3.37
MELILLA,2002,1,10.3,1.83
MELILLA,2002,2,4.28,-6.02
MELILLA,2002,2,0.41,-3.87
MELILLA,2002,3,4.84,4.43
MELILLA,2002,3,2.6,-2.24
MELILLA,2002,4,4.3,1.7
MELILLA,2002,4,3.57,-0.73
MELILLA,2003,1,1.95,-1.62
MELILLA,2003,2,5.06,3.11
MELILLA,2003,3,6.53,1.47
MELILLA,2003,4,19.88,13.35
MELILLA,2004,1,20.77,0.89
MELILLA,2004,2,17.34,-3.43
MELILLA,2004,3,19.75,2.41
MELILLA,2004,4,12.49,-7.26
MELILLA,2005,1,17.24,4.75
MELILLA,2005,2,15.64,-1.6
MELILLA,2005,3,11.82,-3.82
MELILLA,2005,4,12.33,0.51
MELILLA,2006,1,16.92,4.59
MELILLA,2006,2,14.65,-2.27
MELILLA,2006,3,12.98,-1.67
MELILLA,2006,4,9.86,-3.12
MELILLA,2007,1,15.67,5.81
MELILLA,2007,2,21.7,6.03
MELILLA,2007,3,17.89,-3.81
MELILLA,2007,4,17.43,-0.46
MELILLA,2008,1,22.69,5.26
MELILLA,2008,2,18.02,-4.67
MELILLA,2008,3,22.69,4.67
MELILLA,2008,4,16.17,-6.52
MELILLA,2009,1,25.87,9.7
MELILLA,2009,2,24.93,-0.94
MELILLA,2009,3,23.2,-1.73
MELILLA,2009,4,19.87,-3.33
MELILLA,2010,1,19.76,-0.11
MELILLA,2010,2,23.38,3.62
MELILLA,2010,3,23.49,0.11
MELILLA,2010,4,24.46,0.97
MELILLA,2011,1,21.33,-3.13
MELILLA,2011,2,21.47,0.14
MELILLA,2011,3,21.99,0.52
MELILLA,2011,4,24.84,2.85
MELILLA,2012,1,23.37,-1.47
MELILLA,2012,2,28.59,5.22
MELILLA,2012,3,29.06,0.47
MELILLA,2012,4,26.41,-2.65
MELILLA,2013,1,28.85,2.44
MELILLA,2013,2,27.8,-1.05
MELILLA,2013,3,39.19,11.39
MELILLA,2013,4,33.79,-5.4
MELILLA,2014,1,24.43,-9.36
MELILLA,2014,2,29.16,4.73
MELILLA,2014,3,30.49,1.33
MELILLA,2014,4,29.52,-0.97
MELILLA,2015,1,35.4,5.88
MELILLA,2015,2,36.35,0.95
MELILLA,2015,3,31.4,-4.95
MELILLA,2015,4,32.64,1.24
MELILLA,2016,1,30.67,-1.97
MELILLA,2016,2,33.84,3.17
MELILLA,2016,3,31.22,-2.62
MELILLA,2016,4,27.38,-3.84
MELILLA,2017,1,29.46,2.08
MELILLA,2017,2,30.22,0.76
MELILLA,2017,3,26.16,-4.06
MELILLA,2017,4,24.62,-1.54
MELILLA,2018,1,27.24,2.62
MELILLA,2018,2,27.96,0.72
MELILLA,2018,3,24.01,-3.95
MURCIA,1976,3,4.77,0
MURCIA,1976,4,5.3,0.53
MURCIA,1977,1,5.29,-0.01
MURCIA,1977,2,5.13,-0.16
MURCIA,1977,3,5.39,0.26
MURCIA,1977,4,4.55,-0.84
MURCIA,1978,1,6.18,1.63
MURCIA,1978,2,5.94,-0.24
MURCIA,1978,3,6.02,0.08
MURCIA,1978,4,6.01,-0.01
MURCIA,1979,1,7.63,1.62
MURCIA,1979,2,7.17,-0.46
MURCIA,1979,3,7.58,0.41
MURCIA,1979,4,9.45,1.87
MURCIA,1980,1,10.08,0.63
MURCIA,1980,2,8.72,-1.36
MURCIA,1980,3,9.53,0.81
MURCIA,1980,4,10.96,1.43
MURCIA,1981,1,12.49,1.53
MURCIA,1981,2,12.31,-0.18
MURCIA,1981,3,12.66,0.35
MURCIA,1981,4,12.74,0.08
MURCIA,1982,1,14.8,2.06
MURCIA,1982,2,14.16,-0.64
MURCIA,1982,3,15.44,1.28
MURCIA,1982,4,16.74,1.3
MURCIA,1983,1,18.72,1.98
MURCIA,1983,2,17.38,-1.34
MURCIA,1983,3,16.09,-1.29
MURCIA,1983,4,14.3,-1.79
MURCIA,1984,1,14.25,-0.05
MURCIA,1984,2,17.01,2.76
MURCIA,1984,3,17.62,0.61
MURCIA,1984,4,18.56,0.94
MURCIA,1985,1,20.84,2.28
MURCIA,1985,2,20.96,0.12
MURCIA,1985,3,21.05,0.09
MURCIA,1985,4,19.19,-1.86
MURCIA,1986,1,19.09,-0.1
MURCIA,1986,2,18.34,-0.75
MURCIA,1986,3,20.81,2.47
MURCIA,1986,4,20.33,-0.48
MURCIA,1987,1,21.42,1.09
MURCIA,1987,2,21.75,0.33
MURCIA,1987,3,18.31,-3.44
MURCIA,1987,4,17.09,-1.22
MURCIA,1988,1,17.63,0.54
MURCIA,1988,2,17.53,-0.1
MURCIA,1988,3,18.38,0.85
MURCIA,1988,4,16.41,-1.97
MURCIA,1989,1,16.85,0.44
MURCIA,1989,2,16.37,-0.48
MURCIA,1989,3,16.52,0.15
MURCIA,1989,4,15.98,-0.54
MURCIA,1990,1,15.25,-0.73
MURCIA,1990,2,15.82,0.57
MURCIA,1990,3,17.56,1.74
MURCIA,1990,4,15.17,-2.39
MURCIA,1991,1,16.96,1.79
MURCIA,1991,2,16.59,-0.37
MURCIA,1991,3,19.1,2.51
MURCIA,1991,4,19.97,0.87
MURCIA,1992,1,20.87,0.9
MURCIA,1992,2,19.33,-1.54
MURCIA,1992,3,21.11,1.78
MURCIA,1992,4,22.55,1.44
MURCIA,1993,1,24.92,2.37
MURCIA,1993,2,24.93,0.01
MURCIA,1993,3,24.99,0.06
MURCIA,1993,4,25.92,0.93
MURCIA,1994,1,26.41,0.49
MURCIA,1994,2,25.06,-1.35
MURCIA,1994,3,26.17,1.11
MURCIA,1994,4,24.43,-1.74
MURCIA,1995,1,26.34,1.91
MURCIA,1995,2,21.95,-4.39
MURCIA,1995,3,23.95,2
MURCIA,1995,4,21.97,-1.98
MURCIA,1996,1,25,3.03
MURCIA,1996,2,23.84,-1.16
MURCIA,1996,3,22.84,-1
MURCIA,1996,4,22.54,-0.3
MURCIA,1997,1,20.93,-1.61
MURCIA,1997,2,18.01,-2.92
MURCIA,1997,3,19.72,1.71
MURCIA,1997,4,19.08,-0.64
MURCIA,1998,1,17.55,-1.53
MURCIA,1998,2,17.2,-0.35
MURCIA,1998,3,17.18,-0.02
MURCIA,1998,4,17.19,0.01
MURCIA,1999,1,14.66,-2.53
MURCIA,1999,2,14.05,-0.61
MURCIA,1999,3,13.85,-0.2
MURCIA,1999,4,13.05,-0.8
MURCIA,2000,1,13.07,0.02
MURCIA,2000,2,11.39,-1.68
MURCIA,2000,3,14.11,2.72
MURCIA,2000,4,12.36,-1.75
MURCIA,2001,1,11.38,-0.98
MURCIA,2001,2,9.38,-2
MURCIA,2001,3,10.82,1.44
MURCIA,2001,4,11.06,0.24
MURCIA,2002,1,12.23,1.17
MURCIA,2002,1,12.15,-0.08
MURCIA,2002,2,11.28,-0.87
MURCIA,2002,2,11.15,-0.13
MURCIA,2002,3,10.57,-0.58
MURCIA,2002,3,10.43,-0.14
MURCIA,2002,4,11.45,1.02
MURCIA,2002,4,11.45,0
MURCIA,2003,1,12.04,0.59
MURCIA,2003,2,9.8,-2.24
MURCIA,2003,3,10.55,0.75
MURCIA,2003,4,10.76,0.21
MURCIA,2004,1,11.79,1.03
MURCIA,2004,2,10.91,-0.88
MURCIA,2004,3,10.25,-0.66
MURCIA,2004,4,9.96,-0.29
MURCIA,2005,1,9.01,-0.95
MURCIA,2005,2,8.06,-0.95
MURCIA,2005,3,7.65,-0.41
MURCIA,2005,4,7.43,-0.22
MURCIA,2006,1,7.75,0.32
MURCIA,2006,2,8.03,0.28
MURCIA,2006,3,7.88,-0.15
MURCIA,2006,4,7.85,-0.03
MURCIA,2007,1,7.21,-0.64
MURCIA,2007,2,6.49,-0.72
MURCIA,2007,3,8.21,1.72
MURCIA,2007,4,8.25,0.04
MURCIA,2008,1,9.38,1.13
MURCIA,2008,2,11.3,1.92
MURCIA,2008,3,13.75,2.45
MURCIA,2008,4,15.29,1.54
MURCIA,2009,1,18.99,3.7
MURCIA,2009,2,19.93,0.94
MURCIA,2009,3,20.55,0.62
MURCIA,2009,4,21.84,1.29
MURCIA,2010,1,22.7,0.86
MURCIA,2010,2,20.86,-1.84
MURCIA,2010,3,23.44,2.58
MURCIA,2010,4,24.45,1.01
MURCIA,2011,1,25.55,1.1
MURCIA,2011,2,23.97,-1.58
MURCIA,2011,3,24.11,0.14
MURCIA,2011,4,26.31,2.2
MURCIA,2012,1,26.68,0.37
MURCIA,2012,2,26.07,-0.61
MURCIA,2012,3,28.34,2.27
MURCIA,2012,4,29.37,1.03
MURCIA,2013,1,29.91,0.54
MURCIA,2013,2,28.79,-1.12
MURCIA,2013,3,28.72,-0.07
MURCIA,2013,4,28.5,-0.22
MURCIA,2014,1,27.71,-0.79
MURCIA,2014,2,25.12,-2.59
MURCIA,2014,3,26.25,1.13
MURCIA,2014,4,27.26,1.01
MURCIA,2015,1,26.69,-0.57
MURCIA,2015,2,24.77,-1.92
MURCIA,2015,3,23.49,-1.28
MURCIA,2015,4,23.51,0.02
MURCIA,2016,1,22.1,-1.41
MURCIA,2016,2,18.7,-3.4
MURCIA,2016,3,19.75,1.05
MURCIA,2016,4,18.58,-1.17
MURCIA,2017,1,19.34,0.76
MURCIA,2017,2,17.47,-1.87
MURCIA,2017,3,18.11,0.64
MURCIA,2017,4,17.21,-0.9
MURCIA,2018,1,18.6,1.39
MURCIA,2018,2,16.29,-2.31
MURCIA,2018,3,16.33,0.04
NACIONAL,1976,3,4.41,0
NACIONAL,1976,4,4.72,0.31
NACIONAL,1977,1,4.93,0.21
NACIONAL,1977,2,4.78,-0.15
NACIONAL,1977,3,5.34,0.56
NACIONAL,1977,4,5.69,0.35
NACIONAL,1978,1,6.47,0.78
NACIONAL,1978,2,6.61,0.14
NACIONAL,1978,3,7.07,0.46
NACIONAL,1978,4,7.62,0.55
NACIONAL,1979,1,8.13,0.51
NACIONAL,1979,2,8.17,0.04
NACIONAL,1979,3,8.72,0.55
NACIONAL,1979,4,9.52,0.8
NACIONAL,1980,1,10.63,1.11
NACIONAL,1980,2,11.12,0.49
NACIONAL,1980,3,11.48,0.36
NACIONAL,1980,4,12.43,0.95
NACIONAL,1981,1,13.38,0.95
NACIONAL,1981,2,13.64,0.26
NACIONAL,1981,3,14.11,0.47
NACIONAL,1981,4,14.99,0.88
NACIONAL,1982,1,15.51,0.52
NACIONAL,1982,2,15.33,-0.18
NACIONAL,1982,3,15.93,0.6
NACIONAL,1982,4,16.61,0.68
NACIONAL,1983,1,17.28,0.67
NACIONAL,1983,2,16.88,-0.4
NACIONAL,1983,3,17.18,0.3
NACIONAL,1983,4,17.97,0.79
NACIONAL,1984,1,19.6,1.63
NACIONAL,1984,2,19.67,0.07
NACIONAL,1984,3,19.97,0.3
NACIONAL,1984,4,21.08,1.11
NACIONAL,1985,1,21.5,0.42
NACIONAL,1985,2,21.53,0.03
NACIONAL,1985,3,21.3,-0.23
NACIONAL,1985,4,21.48,0.18
NACIONAL,1986,1,21.65,0.17
NACIONAL,1986,2,21.02,-0.63
NACIONAL,1986,3,20.59,-0.43
NACIONAL,1986,4,20.64,0.05
NACIONAL,1987,1,21.01,0.37
NACIONAL,1987,2,20.2,-0.81
NACIONAL,1987,3,19.93,-0.27
NACIONAL,1987,4,19.75,-0.18
NACIONAL,1988,1,19.99,0.24
NACIONAL,1988,2,19.61,-0.38
NACIONAL,1988,3,19.04,-0.57
NACIONAL,1988,4,18.31,-0.73
NACIONAL,1989,1,18.26,-0.05
NACIONAL,1989,2,17.26,-1
NACIONAL,1989,3,16.56,-0.7
NACIONAL,1989,4,16.88,0.32
NACIONAL,1990,1,16.76,-0.12
NACIONAL,1990,2,16.25,-0.51
NACIONAL,1990,3,15.85,-0.4
NACIONAL,1990,4,16.09,0.24
NACIONAL,1991,1,16.11,0.02
NACIONAL,1991,2,15.88,-0.23
NACIONAL,1991,3,16.33,0.45
NACIONAL,1991,4,16.93,0.6
NACIONAL,1992,1,17.4,0.47
NACIONAL,1992,2,17.71,0.31
NACIONAL,1992,3,18.27,0.56
NACIONAL,1992,4,20.03,1.76
NACIONAL,1993,1,21.69,1.66
NACIONAL,1993,2,22.17,0.48
NACIONAL,1993,3,22.87,0.7
NACIONAL,1993,4,23.83,0.96
NACIONAL,1994,1,24.55,0.72
NACIONAL,1994,2,24.22,-0.33
NACIONAL,1994,3,23.8,-0.42
NACIONAL,1994,4,23.9,0.1
NACIONAL,1995,1,23.49,-0.41
NACIONAL,1995,2,22.7,-0.79
NACIONAL,1995,3,22.65,-0.05
NACIONAL,1995,4,22.76,0.11
NACIONAL,1996,1,22.83,0.07
NACIONAL,1996,2,22.17,-0.66
NACIONAL,1996,3,21.72,-0.45
NACIONAL,1996,4,21.6,-0.12
NACIONAL,1997,1,21.3,-0.3
NACIONAL,1997,2,20.72,-0.58
NACIONAL,1997,3,20.31,-0.41
NACIONAL,1997,4,20.11,-0.2
NACIONAL,1998,1,19.41,-0.7
NACIONAL,1998,2,18.7,-0.71
NACIONAL,1998,3,18.32,-0.38
NACIONAL,1998,4,17.99,-0.33
NACIONAL,1999,1,16.78,-1.21
NACIONAL,1999,2,15.4,-1.38
NACIONAL,1999,3,15.19,-0.21
NACIONAL,1999,4,15.19,0
NACIONAL,2000,1,14.79,-0.4
NACIONAL,2000,2,13.74,-1.05
NACIONAL,2000,3,13.54,-0.2
NACIONAL,2000,4,13.42,-0.12
NACIONAL,2001,1,10.94,-2.48
NACIONAL,2001,2,10.35,-0.59
NACIONAL,2001,3,10.29,-0.06
NACIONAL,2001,4,10.63,0.34
NACIONAL,2002,1,11.57,0.94
NACIONAL,2002,1,11.55,-0.02
NACIONAL,2002,2,11.2,-0.35
NACIONAL,2002,2,11.15,-0.05
NACIONAL,2002,3,11.51,0.36
NACIONAL,2002,3,11.49,-0.02
NACIONAL,2002,4,11.62,0.13
NACIONAL,2002,4,11.61,-0.01
NACIONAL,2003,1,11.99,0.38
NACIONAL,2003,2,11.28,-0.71
NACIONAL,2003,3,11.3,0.02
NACIONAL,2003,4,11.37,0.07
NACIONAL,2004,1,11.5,0.13
NACIONAL,2004,2,11.09,-0.41
NACIONAL,2004,3,10.74,-0.35
NACIONAL,2004,4,10.53,-0.21
NACIONAL,2005,1,10.17,-0.36
NACIONAL,2005,2,9.32,-0.85
NACIONAL,2005,3,8.41,-0.91
NACIONAL,2005,4,8.71,0.3
NACIONAL,2006,1,9.03,0.32
NACIONAL,2006,2,8.44,-0.59
NACIONAL,2006,3,8.08,-0.36
NACIONAL,2006,4,8.26,0.18
NACIONAL,2007,1,8.42,0.16
NACIONAL,2007,2,7.93,-0.49
NACIONAL,2007,3,8.01,0.08
NACIONAL,2007,4,8.57,0.56
NACIONAL,2008,1,9.6,1.03
NACIONAL,2008,2,10.36,0.76
NACIONAL,2008,3,11.23,0.87
NACIONAL,2008,4,13.79,2.56
NACIONAL,2009,1,17.24,3.45
NACIONAL,2009,2,17.77,0.53
NACIONAL,2009,3,17.75,-0.02
NACIONAL,2009,4,18.66,0.91
NACIONAL,2010,1,19.84,1.18
NACIONAL,2010,2,19.89,0.05
NACIONAL,2010,3,19.59,-0.3
NACIONAL,2010,4,20.11,0.52
NACIONAL,2011,1,21.08,0.97
NACIONAL,2011,2,20.64,-0.44
NACIONAL,2011,3,21.28,0.64
NACIONAL,2011,4,22.56,1.28
NACIONAL,2012,1,24.19,1.63
NACIONAL,2012,2,24.4,0.21
NACIONAL,2012,3,24.79,0.39
NACIONAL,2012,4,25.77,0.98
NACIONAL,2013,1,26.94,1.17
NACIONAL,2013,2,26.06,-0.88
NACIONAL,2013,3,25.65,-0.41
NACIONAL,2013,4,25.73,0.08
NACIONAL,2014,1,25.93,0.2
NACIONAL,2014,2,24.47,-1.46
NACIONAL,2014,3,23.67,-0.8
NACIONAL,2014,4,23.7,0.03
NACIONAL,2015,1,23.78,0.08
NACIONAL,2015,2,22.37,-1.41
NACIONAL,2015,3,21.18,-1.19
NACIONAL,2015,4,20.9,-0.28
NACIONAL,2016,1,21,0.1
NACIONAL,2016,2,20,-1
NACIONAL,2016,3,18.91,-1.09
NACIONAL,2016,4,18.63,-0.28
NACIONAL,2017,1,18.75,0.12
NACIONAL,2017,2,17.22,-1.53
NACIONAL,2017,3,16.38,-0.84
NACIONAL,2017,4,16.55,0.17
NACIONAL,2018,1,16.74,0.19
NACIONAL,2018,2,15.28,-1.46
NACIONAL,2018,3,14.55,-0.73
NAVARRA,1976,3,3.94,0
NAVARRA,1976,4,3.91,-0.03
NAVARRA,1977,1,3.79,-0.12
NAVARRA,1977,2,2.46,-1.33
NAVARRA,1977,3,3.65,1.19
NAVARRA,1977,4,3.2,-0.45
NAVARRA,1978,1,4.32,1.12
NAVARRA,1978,2,3.89,-0.43
NAVARRA,1978,3,5.86,1.97
NAVARRA,1978,4,7.67,1.81
NAVARRA,1979,1,7.89,0.22
NAVARRA,1979,2,7.9,0.01
NAVARRA,1979,3,8.03,0.13
NAVARRA,1979,4,9.86,1.83
NAVARRA,1980,1,11.44,1.58
NAVARRA,1980,2,11.42,-0.02
NAVARRA,1980,3,11.72,0.3
NAVARRA,1980,4,12.9,1.18
NAVARRA,1981,1,12.7,-0.2
NAVARRA,1981,2,13,0.3
NAVARRA,1981,3,13.28,0.28
NAVARRA,1981,4,13.14,-0.14
NAVARRA,1982,1,12.86,-0.28
NAVARRA,1982,2,12.22,-0.64
NAVARRA,1982,3,13.74,1.52
NAVARRA,1982,4,14.7,0.96
NAVARRA,1983,1,16.22,1.52
NAVARRA,1983,2,15.32,-0.9
NAVARRA,1983,3,15.01,-0.31
NAVARRA,1983,4,15.52,0.51
NAVARRA,1984,1,15.96,0.44
NAVARRA,1984,2,15.71,-0.25
NAVARRA,1984,3,16.36,0.65
NAVARRA,1984,4,16.89,0.53
NAVARRA,1985,1,17.69,0.8
NAVARRA,1985,2,19.6,1.91
NAVARRA,1985,3,18.66,-0.94
NAVARRA,1985,4,19,0.34
NAVARRA,1986,1,19.56,0.56
NAVARRA,1986,2,17.27,-2.29
NAVARRA,1986,3,17.89,0.62
NAVARRA,1986,4,17.67,-0.22
NAVARRA,1987,1,18.56,0.89
NAVARRA,1987,2,14.91,-3.65
NAVARRA,1987,3,15.03,0.12
NAVARRA,1987,4,17.18,2.15
NAVARRA,1988,1,17.43,0.25
NAVARRA,1988,2,13.49,-3.94
NAVARRA,1988,3,12.35,-1.14
NAVARRA,1988,4,14.36,2.01
NAVARRA,1989,1,14.18,-0.18
NAVARRA,1989,2,11.27,-2.91
NAVARRA,1989,3,12.97,1.7
NAVARRA,1989,4,11.96,-1.01
NAVARRA,1990,1,13.31,1.35
NAVARRA,1990,2,10.77,-2.54
NAVARRA,1990,3,10.84,0.07
NAVARRA,1990,4,11.71,0.87
NAVARRA,1991,1,11.65,-0.06
NAVARRA,1991,2,10.24,-1.41
NAVARRA,1991,3,10.12,-0.12
NAVARRA,1991,4,10.58,0.46
NAVARRA,1992,1,11.68,1.1
NAVARRA,1992,2,10.73,-0.95
NAVARRA,1992,3,11.2,0.47
NAVARRA,1992,4,12.28,1.08
NAVARRA,1993,1,15.17,2.89
NAVARRA,1993,2,13.49,-1.68
NAVARRA,1993,3,13.81,0.32
NAVARRA,1993,4,14.06,0.25
NAVARRA,1994,1,14.62,0.56
NAVARRA,1994,2,14.96,0.34
NAVARRA,1994,3,14.14,-0.82
NAVARRA,1994,4,14.76,0.62
NAVARRA,1995,1,14.84,0.08
NAVARRA,1995,2,12.97,-1.87
NAVARRA,1995,3,11.54,-1.43
NAVARRA,1995,4,13.22,1.68
NAVARRA,1996,1,12.65,-0.57
NAVARRA,1996,2,11.56,-1.09
NAVARRA,1996,3,11.17,-0.39
NAVARRA,1996,4,11.42,0.25
NAVARRA,1997,1,10.81,-0.61
NAVARRA,1997,2,10.08,-0.73
NAVARRA,1997,3,9.61,-0.47
NAVARRA,1997,4,10.02,0.41
NAVARRA,1998,1,10.89,0.87
NAVARRA,1998,2,9.29,-1.6
NAVARRA,1998,3,9.44,0.15
NAVARRA,1998,4,10.72,1.28
NAVARRA,1999,1,10.01,-0.71
NAVARRA,1999,2,8.24,-1.77
NAVARRA,1999,3,7.57,-0.67
NAVARRA,1999,4,6.96,-0.61
NAVARRA,2000,1,6.48,-0.48
NAVARRA,2000,2,4.47,-2.01
NAVARRA,2000,3,5.99,1.52
NAVARRA,2000,4,5.64,-0.35
NAVARRA,2001,1,6.15,0.51
NAVARRA,2001,2,4.34,-1.81
NAVARRA,2001,3,4.28,-0.06
NAVARRA,2001,4,4.63,0.35
NAVARRA,2002,1,5.87,1.24
NAVARRA,2002,1,6.03,0.16
NAVARRA,2002,2,5.12,-0.91
NAVARRA,2002,2,5.15,0.03
NAVARRA,2002,3,6.46,1.31
NAVARRA,2002,3,6.58,0.12
NAVARRA,2002,4,5.4,-1.18
NAVARRA,2002,4,5.58,0.18
NAVARRA,2003,1,5.69,0.11
NAVARRA,2003,2,5.49,-0.2
NAVARRA,2003,3,5.85,0.36
NAVARRA,2003,4,6.16,0.31
NAVARRA,2004,1,6.68,0.52
NAVARRA,2004,2,5.45,-1.23
NAVARRA,2004,3,5.02,-0.43
NAVARRA,2004,4,5.14,0.12
NAVARRA,2005,1,6.17,1.03
NAVARRA,2005,2,5.27,-0.9
NAVARRA,2005,3,5.26,-0.01
NAVARRA,2005,4,5.92,0.66
NAVARRA,2006,1,6.25,0.33
NAVARRA,2006,2,5.69,-0.56
NAVARRA,2006,3,4.97,-0.72
NAVARRA,2006,4,4.59,-0.38
NAVARRA,2007,1,5.13,0.54
NAVARRA,2007,2,5.18,0.05
NAVARRA,2007,3,4.29,-0.89
NAVARRA,2007,4,4.28,-0.01
NAVARRA,2008,1,6.14,1.86
NAVARRA,2008,2,5.8,-0.34
NAVARRA,2008,3,7.25,1.45
NAVARRA,2008,4,8.13,0.88
NAVARRA,2009,1,10.51,2.38
NAVARRA,2009,2,12,1.49
NAVARRA,2009,3,10.31,-1.69
NAVARRA,2009,4,10.51,0.2
NAVARRA,2010,1,12.31,1.8
NAVARRA,2010,2,11.02,-1.29
NAVARRA,2010,3,12.51,1.49
NAVARRA,2010,4,11.77,-0.74
NAVARRA,2011,1,13.53,1.76
NAVARRA,2011,2,12.87,-0.66
NAVARRA,2011,3,11.75,-1.12
NAVARRA,2011,4,13.8,2.05
NAVARRA,2012,1,16.21,2.41
NAVARRA,2012,2,16.3,0.09
NAVARRA,2012,3,14.97,-1.33
NAVARRA,2012,4,17.17,2.2
NAVARRA,2013,1,18.96,1.79
NAVARRA,2013,2,18.4,-0.56
NAVARRA,2013,3,17.92,-0.48
NAVARRA,2013,4,16.44,-1.48
NAVARRA,2014,1,17.12,0.68
NAVARRA,2014,2,15.88,-1.24
NAVARRA,2014,3,14.92,-0.96
NAVARRA,2014,4,14.92,0
NAVARRA,2015,1,15.66,0.74
NAVARRA,2015,2,12.55,-3.11
NAVARRA,2015,3,13.57,1.02
NAVARRA,2015,4,13.53,-0.04
NAVARRA,2016,1,14.25,0.72
NAVARRA,2016,2,13.27,-0.98
NAVARRA,2016,3,12.41,-0.86
NAVARRA,2016,4,10.01,-2.4
NAVARRA,2017,1,10.25,0.24
NAVARRA,2017,2,10.55,0.3
NAVARRA,2017,3,10.52,-0.03
NAVARRA,2017,4,9.63,-0.89
NAVARRA,2018,1,10.54,0.91
NAVARRA,2018,2,9.93,-0.61
NAVARRA,2018,3,9.65,-0.28
RIOJA,1976,3,1.63,0
RIOJA,1976,4,1.21,-0.42
RIOJA,1977,1,1.7,0.49
RIOJA,1977,2,0.8,-0.9
RIOJA,1977,3,1.41,0.61
RIOJA,1977,4,2.1,0.69
RIOJA,1978,1,2.37,0.27
RIOJA,1978,2,2.47,0.1
RIOJA,1978,3,2.79,0.32
RIOJA,1978,4,2.82,0.03
RIOJA,1979,1,3.57,0.75
RIOJA,1979,2,3.34,-0.23
RIOJA,1979,3,4.98,1.64
RIOJA,1979,4,4.67,-0.31
RIOJA,1980,1,4.96,0.29
RIOJA,1980,2,4.89,-0.07
RIOJA,1980,3,5.18,0.29
RIOJA,1980,4,5.76,0.58
RIOJA,1981,1,6.82,1.06
RIOJA,1981,2,8.6,1.78
RIOJA,1981,3,6.05,-2.55
RIOJA,1981,4,8.34,2.29
RIOJA,1982,1,11.07,2.73
RIOJA,1982,2,10.8,-0.27
RIOJA,1982,3,10.8,0
RIOJA,1982,4,11.31,0.51
RIOJA,1983,1,12.72,1.41
RIOJA,1983,2,10.61,-2.11
RIOJA,1983,3,11.13,0.52
RIOJA,1983,4,10.58,-0.55
RIOJA,1984,1,13.43,2.85
RIOJA,1984,2,12.94,-0.49
RIOJA,1984,3,13.95,1.01
RIOJA,1984,4,14.97,1.02
RIOJA,1985,1,18.03,3.06
RIOJA,1985,2,17.18,-0.85
RIOJA,1985,3,17.7,0.52
RIOJA,1985,4,17,-0.7
RIOJA,1986,1,17.42,0.42
RIOJA,1986,2,16.81,-0.61
RIOJA,1986,3,14.32,-2.49
RIOJA,1986,4,15.21,0.89
RIOJA,1987,1,14.84,-0.37
RIOJA,1987,2,12.72,-2.12
RIOJA,1987,3,13.24,0.52
RIOJA,1987,4,12.67,-0.57
RIOJA,1988,1,14.57,1.9
RIOJA,1988,2,13.12,-1.45
RIOJA,1988,3,13.31,0.19
RIOJA,1988,4,12.47,-0.84
RIOJA,1989,1,12.23,-0.24
RIOJA,1989,2,9.32,-2.91
RIOJA,1989,3,8.73,-0.59
RIOJA,1989,4,9.35,0.62
RIOJA,1990,1,8.69,-0.66
RIOJA,1990,2,7.22,-1.47
RIOJA,1990,3,8.11,0.89
RIOJA,1990,4,9.3,1.19
RIOJA,1991,1,9.11,-0.19
RIOJA,1991,2,9.26,0.15
RIOJA,1991,3,9.03,-0.23
RIOJA,1991,4,11.38,2.35
RIOJA,1992,1,11.53,0.15
RIOJA,1992,2,12.98,1.45
RIOJA,1992,3,15.29,2.31
RIOJA,1992,4,14.33,-0.96
RIOJA,1993,1,14.88,0.55
RIOJA,1993,2,14.25,-0.63
RIOJA,1993,3,13.37,-0.88
RIOJA,1993,4,15.46,2.09
RIOJA,1994,1,17.38,1.92
RIOJA,1994,2,17.99,0.61
RIOJA,1994,3,15.74,-2.25
RIOJA,1994,4,16.77,1.03
RIOJA,1995,1,18.23,1.46
RIOJA,1995,2,15.98,-2.25
RIOJA,1995,3,15.36,-0.62
RIOJA,1995,4,14.8,-0.56
RIOJA,1996,1,14.9,0.1
RIOJA,1996,2,14.49,-0.41
RIOJA,1996,3,13.56,-0.93
RIOJA,1996,4,13.45,-0.11
RIOJA,1997,1,12.75,-0.7
RIOJA,1997,2,11.78,-0.97
RIOJA,1997,3,10.84,-0.94
RIOJA,1997,4,10.84,0
RIOJA,1998,1,11.83,0.99
RIOJA,1998,2,11.77,-0.06
RIOJA,1998,3,10.83,-0.94
RIOJA,1998,4,10.55,-0.28
RIOJA,1999,1,8.99,-1.56
RIOJA,1999,2,6.63,-2.36
RIOJA,1999,3,7.97,1.34
RIOJA,1999,4,8.91,0.94
RIOJA,2000,1,9.06,0.15
RIOJA,2000,2,7.89,-1.17
RIOJA,2000,3,7.86,-0.03
RIOJA,2000,4,7.3,-0.56
RIOJA,2001,1,4.94,-2.36
RIOJA,2001,2,4.1,-0.84
RIOJA,2001,3,4.31,0.21
RIOJA,2001,4,4.73,0.42
RIOJA,2002,1,7.03,2.3
RIOJA,2002,1,7.05,0.02
RIOJA,2002,2,7.59,0.54
RIOJA,2002,2,7.76,0.17
RIOJA,2002,3,7.72,-0.04
RIOJA,2002,3,7.74,0.02
RIOJA,2002,4,5.75,-1.99
RIOJA,2002,4,5.65,-0.1
RIOJA,2003,1,6.46,0.81
RIOJA,2003,2,5.11,-1.35
RIOJA,2003,3,5.81,0.7
RIOJA,2003,4,6.75,0.94
RIOJA,2004,1,7.86,1.11
RIOJA,2004,2,5.27,-2.59
RIOJA,2004,3,5.98,0.71
RIOJA,2004,4,4.68,-1.3
RIOJA,2005,1,7.62,2.94
RIOJA,2005,2,6.42,-1.2
RIOJA,2005,3,4.77,-1.65
RIOJA,2005,4,6.69,1.92
RIOJA,2006,1,5.85,-0.84
RIOJA,2006,2,5.99,0.14
RIOJA,2006,3,5.73,-0.26
RIOJA,2006,4,6.88,1.15
RIOJA,2007,1,6.7,-0.18
RIOJA,2007,2,5.07,-1.63
RIOJA,2007,3,5.42,0.35
RIOJA,2007,4,5.88,0.46
RIOJA,2008,1,6.63,0.75
RIOJA,2008,2,6.89,0.26
RIOJA,2008,3,8.25,1.36
RIOJA,2008,4,9.8,1.55
RIOJA,2009,1,11.27,1.47
RIOJA,2009,2,12.57,1.3
RIOJA,2009,3,12.99,0.42
RIOJA,2009,4,13.76,0.77
RIOJA,2010,1,14.86,1.1
RIOJA,2010,2,12.17,-2.69
RIOJA,2010,3,13.97,1.8
RIOJA,2010,4,15.58,1.61
RIOJA,2011,1,15.77,0.19
RIOJA,2011,2,16.75,0.98
RIOJA,2011,3,17.7,0.95
RIOJA,2011,4,18.61,0.91
RIOJA,2012,1,20.1,1.49
RIOJA,2012,2,22.81,2.71
RIOJA,2012,3,20.54,-2.27
RIOJA,2012,4,18.82,-1.72
RIOJA,2013,1,19.26,0.44
RIOJA,2013,2,20.94,1.68
RIOJA,2013,3,19.7,-1.24
RIOJA,2013,4,20.24,0.54
RIOJA,2014,1,19.58,-0.66
RIOJA,2014,2,17.66,-1.92
RIOJA,2014,3,18.23,0.57
RIOJA,2014,4,17.17,-1.06
RIOJA,2015,1,17.58,0.41
RIOJA,2015,2,16.39,-1.19
RIOJA,2015,3,13.59,-2.8
RIOJA,2015,4,13.97,0.38
RIOJA,2016,1,14.38,0.41
RIOJA,2016,2,15.29,0.91
RIOJA,2016,3,13.57,-1.72
RIOJA,2016,4,10.9,-2.67
RIOJA,2017,1,12.92,2.02
RIOJA,2017,2,10.92,-2
RIOJA,2017,3,12.62,1.7
RIOJA,2017,4,11.51,-1.11
RIOJA,2018,1,11.03,-0.48
RIOJA,2018,2,10.68,-0.35
RIOJA,2018,3,9.6,-1.08
VALENCIA,1976,3,3.23,0
VALENCIA,1976,4,3.36,0.13
VALENCIA,1977,1,3.24,-0.12
VALENCIA,1977,2,3.12,-0.12
VALENCIA,1977,3,4.1,0.98
VALENCIA,1977,4,4.18,0.08
VALENCIA,1978,1,4.58,0.4
VALENCIA,1978,2,4.51,-0.07
VALENCIA,1978,3,5.22,0.71
VALENCIA,1978,4,4.73,-0.49
VALENCIA,1979,1,5.63,0.9
VALENCIA,1979,2,6.19,0.56
VALENCIA,1979,3,7.17,0.98
VALENCIA,1979,4,7.58,0.41
VALENCIA,1980,1,8.55,0.97
VALENCIA,1980,2,9.34,0.79
VALENCIA,1980,3,10.15,0.81
VALENCIA,1980,4,10.8,0.65
VALENCIA,1981,1,11.93,1.13
VALENCIA,1981,2,12.42,0.49
VALENCIA,1981,3,14.04,1.62
VALENCIA,1981,4,14.94,0.9
VALENCIA,1982,1,15.57,0.63
VALENCIA,1982,2,16.2,0.63
VALENCIA,1982,3,17.29,1.09
VALENCIA,1982,4,18,0.71
VALENCIA,1983,1,17.93,-0.07
VALENCIA,1983,2,16.16,-1.77
VALENCIA,1983,3,17.19,1.03
VALENCIA,1983,4,17.79,0.6
VALENCIA,1984,1,18.29,0.5
VALENCIA,1984,2,18.7,0.41
VALENCIA,1984,3,19.74,1.04
VALENCIA,1984,4,21.23,1.49
VALENCIA,1985,1,21.45,0.22
VALENCIA,1985,2,20.46,-0.99
VALENCIA,1985,3,21.59,1.13
VALENCIA,1985,4,19.68,-1.91
VALENCIA,1986,1,19.71,0.03
VALENCIA,1986,2,19.43,-0.28
VALENCIA,1986,3,20.19,0.76
VALENCIA,1986,4,18.81,-1.38
VALENCIA,1987,1,19.55,0.74
VALENCIA,1987,2,19.69,0.14
VALENCIA,1987,3,18.18,-1.51
VALENCIA,1987,4,18.33,0.15
VALENCIA,1988,1,17.99,-0.34
VALENCIA,1988,2,18.02,0.03
VALENCIA,1988,3,16.75,-1.27
VALENCIA,1988,4,15.79,-0.96
VALENCIA,1989,1,16.05,0.26
VALENCIA,1989,2,15.34,-0.71
VALENCIA,1989,3,15.34,0
VALENCIA,1989,4,15.12,-0.22
VALENCIA,1990,1,14.6,-0.52
VALENCIA,1990,2,14.04,-0.56
VALENCIA,1990,3,14.39,0.35
VALENCIA,1990,4,13.99,-0.4
VALENCIA,1991,1,15.13,1.14
VALENCIA,1991,2,15.78,0.65
VALENCIA,1991,3,15.87,0.09
VALENCIA,1991,4,15.73,-0.14
VALENCIA,1992,1,16.99,1.26
VALENCIA,1992,2,18.51,1.52
VALENCIA,1992,3,20.55,2.04
VALENCIA,1992,4,20.35,-0.2
VALENCIA,1993,1,22.07,1.72
VALENCIA,1993,2,23.56,1.49
VALENCIA,1993,3,24.56,1
VALENCIA,1993,4,24.1,-0.46
VALENCIA,1994,1,25.01,0.91
VALENCIA,1994,2,24.57,-0.44
VALENCIA,1994,3,24.86,0.29
VALENCIA,1994,4,23.93,-0.93
VALENCIA,1995,1,23.69,-0.24
VALENCIA,1995,2,22.21,-1.48
VALENCIA,1995,3,22.57,0.36
VALENCIA,1995,4,21.46,-1.11
VALENCIA,1996,1,22.51,1.05
VALENCIA,1996,2,21.33,-1.18
VALENCIA,1996,3,22.04,0.71
VALENCIA,1996,4,20.6,-1.44
VALENCIA,1997,1,21.18,0.58
VALENCIA,1997,2,20.84,-0.34
VALENCIA,1997,3,19.58,-1.26
VALENCIA,1997,4,17.95,-1.63
VALENCIA,1998,1,17.55,-0.4
VALENCIA,1998,2,16.74,-0.81
VALENCIA,1998,3,16.44,-0.3
VALENCIA,1998,4,15.14,-1.3
VALENCIA,1999,1,13.15,-1.99
VALENCIA,1999,2,13.72,0.57
VALENCIA,1999,3,14.76,1.04
VALENCIA,1999,4,13.22,-1.54
VALENCIA,2000,1,12.31,-0.91
VALENCIA,2000,2,11.43,-0.88
VALENCIA,2000,3,11.3,-0.13
VALENCIA,2000,4,11.34,0.04
VALENCIA,2001,1,8.94,-2.4
VALENCIA,2001,2,9.7,0.76
VALENCIA,2001,3,9.81,0.11
VALENCIA,2001,4,9.3,-0.51
VALENCIA,2002,1,9.96,0.66
VALENCIA,2002,1,10.07,0.11
VALENCIA,2002,2,11.11,1.04
VALENCIA,2002,2,11.19,0.08
VALENCIA,2002,3,11.22,0.03
VALENCIA,2002,3,11.29,0.07
VALENCIA,2002,4,10.79,-0.5
VALENCIA,2002,4,10.71,-0.08
VALENCIA,2003,1,11.6,0.89
VALENCIA,2003,2,11.42,-0.18
VALENCIA,2003,3,11.27,-0.15
VALENCIA,2003,4,10.68,-0.59
VALENCIA,2004,1,10.26,-0.42
VALENCIA,2004,2,10.27,0.01
VALENCIA,2004,3,11.19,0.92
VALENCIA,2004,4,10.11,-1.08
VALENCIA,2005,1,10.24,0.13
VALENCIA,2005,2,9.27,-0.97
VALENCIA,2005,3,7.88,-1.39
VALENCIA,2005,4,8.13,0.25
VALENCIA,2006,1,8.84,0.71
VALENCIA,2006,2,7.75,-1.09
VALENCIA,2006,3,8.27,0.52
VALENCIA,2006,4,8.48,0.21
VALENCIA,2007,1,8.54,0.06
VALENCIA,2007,2,8.75,0.21
VALENCIA,2007,3,8.71,-0.04
VALENCIA,2007,4,8.94,0.23
VALENCIA,2008,1,9.59,0.65
VALENCIA,2008,2,11.4,1.81
VALENCIA,2008,3,12.34,0.94
VALENCIA,2008,4,14.58,2.24
VALENCIA,2009,1,18.76,4.18
VALENCIA,2009,2,20.77,2.01
VALENCIA,2009,3,21.43,0.66
VALENCIA,2009,4,22.09,0.66
VALENCIA,2010,1,22.45,0.36
VALENCIA,2010,2,23.44,0.99
VALENCIA,2010,3,22.97,-0.47
VALENCIA,2010,4,22.57,-0.4
VALENCIA,2011,1,23.7,1.13
VALENCIA,2011,2,23.1,-0.6
VALENCIA,2011,3,24.31,1.21
VALENCIA,2011,4,24.83,0.52
VALENCIA,2012,1,26.83,2
VALENCIA,2012,2,26.71,-0.12
VALENCIA,2012,3,27.6,0.89
VALENCIA,2012,4,27.62,0.02
VALENCIA,2013,1,28.73,1.11
VALENCIA,2013,2,28.62,-0.11
VALENCIA,2013,3,27.7,-0.92
VALENCIA,2013,4,27.15,-0.55
VALENCIA,2014,1,28.04,0.89
VALENCIA,2014,2,26.19,-1.85
VALENCIA,2014,3,25.54,-0.65
VALENCIA,2014,4,23.48,-2.06
VALENCIA,2015,1,24.28,0.8
VALENCIA,2015,2,23.02,-1.26
VALENCIA,2015,3,22.37,-0.65
VALENCIA,2015,4,21.45,-0.92
VALENCIA,2016,1,21.84,0.39
VALENCIA,2016,2,21.3,-0.54
VALENCIA,2016,3,20.17,-1.13
VALENCIA,2016,4,19.15,-1.02
VALENCIA,2017,1,19.77,0.62
VALENCIA,2017,2,18.68,-1.09
VALENCIA,2017,3,17.5,-1.18
VALENCIA,2017,4,16.76,-0.74
VALENCIA,2018,1,17.13,0.37
VALENCIA,2018,2,15.64,-1.49
VALENCIA,2018,3,15.29,-0.35
