CCAA,YEAR,CCAAYEARACT,CCAAYEARANT,PIB_VALOR,PIB_NORMALIZADO,PIB_VAR_INTERANUAL,RATIO_NORM,PARO_TASA,PARO_VAR_INTERANUAL
ANDALUCIA,1980,ANDALUCIA1980,ANDALUCIA1979,"11,658",100,0,0.008577801,17.41,0
ANDALUCIA,1981,ANDALUCIA1981,ANDALUCIA1980,"13,048",112,"1,390",,19.795,2.385
ANDALUCIA,1982,ANDALUCIA1982,ANDALUCIA1981,"15,353",132,"2,305",,20.5375,0.7425
ANDALUCIA,1983,ANDALUCIA1983,ANDALUCIA1982,"17,657",151,"2,304",,22.4125,1.875
ANDALUCIA,1984,ANDALUCIA1984,ANDALUCIA1983,"19,870",170,"2,213",,28.905,6.4925
ANDALUCIA,1985,ANDALUCIA1985,ANDALUCIA1984,"22,632",194,"2,762",,29.6775,0.7725
ANDALUCIA,1986,ANDALUCIA1986,ANDALUCIA1985,"25,803",221,"3,171",,30.085,0.4075
ANDALUCIA,1987,ANDALUCIA1987,ANDALUCIA1986,"29,334",252,"3,531",,30.49,0.405
ANDALUCIA,1988,ANDALUCIA1988,ANDALUCIA1987,"32,427",278,"3,093",,28.6775,-1.8125
ANDALUCIA,1989,ANDALUCIA1989,ANDALUCIA1988,"35,921",308,"3,494",,26.9975,-1.68
ANDALUCIA,1990,ANDALUCIA1990,ANDALUCIA1989,"41,133",353,"5,212",,25.525,-1.4725
ANDALUCIA,1991,ANDALUCIA1991,ANDALUCIA1990,"45,140",387,"4,007",,25.7375,0.2125
ANDALUCIA,1992,ANDALUCIA1992,ANDALUCIA1991,"48,037",412,"2,897",,28.18,2.4425
ANDALUCIA,1993,ANDALUCIA1993,ANDALUCIA1992,"49,018",420,981,,32.9725,4.7925
ANDALUCIA,1994,ANDALUCIA1994,ANDALUCIA1993,"52,275",448,"3,257",,34.59,1.6175
ANDALUCIA,1995,ANDALUCIA1995,ANDALUCIA1994,"55,690",478,"3,415",,33.91,-0.68
ANDALUCIA,1996,ANDALUCIA1996,ANDALUCIA1995,"58,969",506,"3,279",,32.3475,-1.5625
ANDALUCIA,1997,ANDALUCIA1997,ANDALUCIA1996,"67,727",581,"8,758",,31.485,-0.8625
ANDALUCIA,1998,ANDALUCIA1998,ANDALUCIA1997,"71,723",615,"3,996",,29.13,-2.355
ANDALUCIA,1999,ANDALUCIA1999,ANDALUCIA1998,"76,528",656,"4,805",,26.38,-2.75
ANDALUCIA,2000,ANDALUCIA2000,ANDALUCIA1999,"83,844",719,"7,316",,24.1275,-2.2525
ANDALUCIA,2001,ANDALUCIA2001,ANDALUCIA2000,"90,572",777,"6,728",,18.67,-5.4575
ANDALUCIA,2002,ANDALUCIA2002,ANDALUCIA2001,"97,741",838,"7,169",,19.58625,0.91625
ANDALUCIA,2003,ANDALUCIA2003,ANDALUCIA2002,"106,529",914,"8,788",,18.45,-1.13625
ANDALUCIA,2004,ANDALUCIA2004,ANDALUCIA2003,"115,478",991,"8,949",,16.9925,-1.4575
ANDALUCIA,2005,ANDALUCIA2005,ANDALUCIA2004,"125,646","1,078","10,168",,13.825,-3.1675
ANDALUCIA,2006,ANDALUCIA2006,ANDALUCIA2005,"135,827","1,165","10,181",,12.6225,-1.2025
ANDALUCIA,2007,ANDALUCIA2007,ANDALUCIA2006,"144,949","1,243","9,122",,12.75,0.1275
ANDALUCIA,2008,ANDALUCIA2008,ANDALUCIA2007,"148,915","1,277","3,966",,17.7025,4.9525
ANDALUCIA,2009,ANDALUCIA2009,ANDALUCIA2008,"142,995","1,227","-5,920",,25.245,7.5425
ANDALUCIA,2010,ANDALUCIA2010,ANDALUCIA2009,"146,125","1,253","3,130",,27.7725,2.5275
ANDALUCIA,2011,ANDALUCIA2011,ANDALUCIA2010,"144,652","1,241","-1,473",,30.13,2.3575
ANDALUCIA,2012,ANDALUCIA2012,ANDALUCIA2011,"139,710","1,198","-4,942",,34.3525,4.2225
ANDALUCIA,2013,ANDALUCIA2013,ANDALUCIA2012,"137,377","1,178","-2,333",,36.2225,1.87
ANDALUCIA,2014,ANDALUCIA2014,ANDALUCIA2013,"139,084","1,193","1,707",,34.78,-1.4425
ANDALUCIA,2015,ANDALUCIA2015,ANDALUCIA2014,"145,051","1,244","5,967",,31.54,-3.24
ANDALUCIA,2016,ANDALUCIA2016,ANDALUCIA2015,"149,515","1,283","4,464",,28.885,-2.655
ANDALUCIA,2017,ANDALUCIA2017,ANDALUCIA2016,"155,213","1,331","5,698",,25.505,-3.38
ARAGON,1980,ARAGON1980,ARAGON1979,"3,116",100,0,0.032092426,8.6175,0
ARAGON,1981,ARAGON1981,ARAGON1980,"3,417",110,301,,11.79,3.1725
ARAGON,1982,ARAGON1982,ARAGON1981,"3,999",128,582,,12.2125,0.4225
ARAGON,1983,ARAGON1983,ARAGON1982,"4,724",152,725,,13.6825,1.47
ARAGON,1984,ARAGON1984,ARAGON1983,"5,414",174,690,,15.19,1.5075
ARAGON,1985,ARAGON1985,ARAGON1984,"5,866",188,452,,17.255,2.065
ARAGON,1986,ARAGON1986,ARAGON1985,"6,670",214,804,,15.9975,-1.2575
ARAGON,1987,ARAGON1987,ARAGON1986,"7,406",238,736,,14.0075,-1.99
ARAGON,1988,ARAGON1988,ARAGON1987,"8,478",272,"1,072",,13.935,-0.0725
ARAGON,1989,ARAGON1989,ARAGON1988,"9,488",304,"1,010",,12.155,-1.78
ARAGON,1990,ARAGON1990,ARAGON1989,"10,396",334,908,,9.535,-2.62
ARAGON,1991,ARAGON1991,ARAGON1990,"11,392",366,996,,10.0525,0.5175
ARAGON,1992,ARAGON1992,ARAGON1991,"12,140",390,748,,12.305,2.2525
ARAGON,1993,ARAGON1993,ARAGON1992,"12,473",400,333,,16.9525,4.6475
ARAGON,1994,ARAGON1994,ARAGON1993,"13,207",424,734,,18.3025,1.35
ARAGON,1995,ARAGON1995,ARAGON1994,"14,136",454,929,,16.0575,-2.245
ARAGON,1996,ARAGON1996,ARAGON1995,"14,833",476,697,,15.28,-0.7775
ARAGON,1997,ARAGON1997,ARAGON1996,"16,496",529,"1,663",,14.05,-1.23
ARAGON,1998,ARAGON1998,ARAGON1997,"17,248",554,752,,11.3675,-2.6825
ARAGON,1999,ARAGON1999,ARAGON1998,"18,105",581,857,,9.2025,-2.165
ARAGON,2000,ARAGON2000,ARAGON1999,"19,576",628,"1,471",,7.1975,-2.005
ARAGON,2001,ARAGON2001,ARAGON2000,"20,963",673,"1,387",,4.99,-2.2075
ARAGON,2002,ARAGON2002,ARAGON2001,"22,687",728,"1,724",,5.825,0.835
ARAGON,2003,ARAGON2003,ARAGON2002,"24,293",780,"1,606",,6.6325,0.8075
ARAGON,2004,ARAGON2004,ARAGON2003,"25,957",833,"1,664",,5.6575,-0.975
ARAGON,2005,ARAGON2005,ARAGON2004,"27,956",897,"1,999",,5.895,0.2375
ARAGON,2006,ARAGON2006,ARAGON2005,"30,295",972,"2,339",,5.5275,-0.3675
ARAGON,2007,ARAGON2007,ARAGON2006,"32,907","1,056","2,612",,5.305,-0.2225
ARAGON,2008,ARAGON2008,ARAGON2007,"34,072","1,093","1,165",,7.285,1.98
ARAGON,2009,ARAGON2009,ARAGON2008,"32,498","1,043","-1,574",,13.0525,5.7675
ARAGON,2010,ARAGON2010,ARAGON2009,"34,406","1,104","1,908",,14.955,1.9025
ARAGON,2011,ARAGON2011,ARAGON2010,"33,917","1,088",-489,,17.0775,2.1225
ARAGON,2012,ARAGON2012,ARAGON2011,"32,535","1,044","-1,382",,18.665,1.5875
ARAGON,2013,ARAGON2013,ARAGON2012,"32,584","1,046",49,,21.3825,2.7175
ARAGON,2014,ARAGON2014,ARAGON2013,"32,801","1,053",217,,20.1725,-1.21
ARAGON,2015,ARAGON2015,ARAGON2014,"33,442","1,073",641,,16.29,-3.8825
ARAGON,2016,ARAGON2016,ARAGON2015,"34,368","1,103",926,,14.74,-1.55
ARAGON,2017,ARAGON2017,ARAGON2016,"36,054","1,157","1,686",,11.645,-3.095
ASTURIAS,1980,ASTURIAS1980,ASTURIAS1979,"2,542",100,0,0.039339103,8.4075,0
ASTURIAS,1981,ASTURIAS1981,ASTURIAS1980,"2,886",114,344,,11.7525,3.345
ASTURIAS,1982,ASTURIAS1982,ASTURIAS1981,"3,385",133,499,,13.7075,1.955
ASTURIAS,1983,ASTURIAS1983,ASTURIAS1982,"3,763",148,378,,13.895,0.1875
ASTURIAS,1984,ASTURIAS1984,ASTURIAS1983,"4,198",165,435,,15.66,1.765
ASTURIAS,1985,ASTURIAS1985,ASTURIAS1984,"4,809",189,611,,18.3975,2.7375
ASTURIAS,1986,ASTURIAS1986,ASTURIAS1985,"5,538",218,729,,18.575,0.1775
ASTURIAS,1987,ASTURIAS1987,ASTURIAS1986,"5,867",231,329,,20.2625,1.6875
ASTURIAS,1988,ASTURIAS1988,ASTURIAS1987,"6,433",253,566,,19.4525,-0.81
ASTURIAS,1989,ASTURIAS1989,ASTURIAS1988,"7,170",282,737,,18.005,-1.4475
ASTURIAS,1990,ASTURIAS1990,ASTURIAS1989,"7,728",304,558,,17.485,-0.52
ASTURIAS,1991,ASTURIAS1991,ASTURIAS1990,"8,350",328,622,,15.5225,-1.9625
ASTURIAS,1992,ASTURIAS1992,ASTURIAS1991,"9,085",357,735,,16.8225,1.3
ASTURIAS,1993,ASTURIAS1993,ASTURIAS1992,"9,258",364,173,,20.525,3.7025
ASTURIAS,1994,ASTURIAS1994,ASTURIAS1993,"9,792",385,534,,21.9525,1.4275
ASTURIAS,1995,ASTURIAS1995,ASTURIAS1994,"10,558",415,766,,20.355,-1.5975
ASTURIAS,1996,ASTURIAS1996,ASTURIAS1995,"11,070",435,512,,20.93,0.575
ASTURIAS,1997,ASTURIAS1997,ASTURIAS1996,"11,572",455,502,,20.9525,0.0225
ASTURIAS,1998,ASTURIAS1998,ASTURIAS1997,"12,355",486,783,,18.8425,-2.11
ASTURIAS,1999,ASTURIAS1999,ASTURIAS1998,"12,724",501,369,,17.8675,-0.975
ASTURIAS,2000,ASTURIAS2000,ASTURIAS1999,"13,896",547,"1,172",,16.98,-0.8875
ASTURIAS,2001,ASTURIAS2001,ASTURIAS2000,"14,957",588,"1,061",,7.7375,-9.2425
ASTURIAS,2002,ASTURIAS2002,ASTURIAS2001,"15,882",625,925,,9.7675,2.03
ASTURIAS,2003,ASTURIAS2003,ASTURIAS2002,"16,852",663,970,,11.3,1.5325
ASTURIAS,2004,ASTURIAS2004,ASTURIAS2003,"18,002",708,"1,150",,10.3225,-0.9775
ASTURIAS,2005,ASTURIAS2005,ASTURIAS2004,"19,568",770,"1,566",,10.0375,-0.285
ASTURIAS,2006,ASTURIAS2006,ASTURIAS2005,"21,365",840,"1,797",,9.1625,-0.875
ASTURIAS,2007,ASTURIAS2007,ASTURIAS2006,"22,937",902,"1,572",,8.4175,-0.745
ASTURIAS,2008,ASTURIAS2008,ASTURIAS2007,"23,737",934,800,,8.5,0.0825
ASTURIAS,2009,ASTURIAS2009,ASTURIAS2008,"22,726",894,"-1,011",,13.42,4.92
ASTURIAS,2010,ASTURIAS2010,ASTURIAS2009,"22,869",900,143,,15.915,2.495
ASTURIAS,2011,ASTURIAS2011,ASTURIAS2010,"22,465",884,-404,,17.84,1.925
ASTURIAS,2012,ASTURIAS2012,ASTURIAS2011,"21,419",843,"-1,046",,21.8225,3.9825
ASTURIAS,2013,ASTURIAS2013,ASTURIAS2012,"20,669",813,-750,,24.1275,2.305
ASTURIAS,2014,ASTURIAS2014,ASTURIAS2013,"20,563",809,-106,,21.1275,-3
ASTURIAS,2015,ASTURIAS2015,ASTURIAS2014,"21,219",835,656,,19.11,-2.0175
ASTURIAS,2016,ASTURIAS2016,ASTURIAS2015,"21,628",851,409,,17.6075,-1.5025
ASTURIAS,2017,ASTURIAS2017,ASTURIAS2016,"22,708",893,"1,080",,13.7125,-3.895
BALEARES,1980,BALEARES1980,BALEARES1979,"1,797",100,0,0.055648303,8.01,0
BALEARES,1981,BALEARES1981,BALEARES1980,"2,109",117,312,,9.9725,1.9625
BALEARES,1982,BALEARES1982,BALEARES1981,"2,506",139,397,,11.745,1.7725
BALEARES,1983,BALEARES1983,BALEARES1982,"2,930",163,424,,13.9275,2.1825
BALEARES,1984,BALEARES1984,BALEARES1983,"3,422",190,492,,14.0475,0.12
BALEARES,1985,BALEARES1985,BALEARES1984,"4,057",226,635,,13.795,-0.2525
BALEARES,1986,BALEARES1986,BALEARES1985,"4,538",253,481,,14.1925,0.3975
BALEARES,1987,BALEARES1987,BALEARES1986,"5,150",287,612,,13.9525,-0.24
BALEARES,1988,BALEARES1988,BALEARES1987,"5,716",318,566,,10.9175,-3.035
BALEARES,1989,BALEARES1989,BALEARES1988,"6,258",348,542,,10.7625,-0.155
BALEARES,1990,BALEARES1990,BALEARES1989,"7,108",396,850,,10.5425,-0.22
BALEARES,1991,BALEARES1991,BALEARES1990,"7,915",440,807,,10.095,-0.4475
BALEARES,1992,BALEARES1992,BALEARES1991,"8,648",481,733,,11.5475,1.4525
BALEARES,1993,BALEARES1993,BALEARES1992,"9,016",502,368,,17.835,6.2875
BALEARES,1994,BALEARES1994,BALEARES1993,"9,723",541,707,,17.8,-0.035
BALEARES,1995,BALEARES1995,BALEARES1994,"10,421",580,698,,14.31,-3.49
BALEARES,1996,BALEARES1996,BALEARES1995,"10,962",610,541,,13.41,-0.9
BALEARES,1997,BALEARES1997,BALEARES1996,"12,118",674,"1,156",,11.78,-1.63
BALEARES,1998,BALEARES1998,BALEARES1997,"13,151",732,"1,033",,11.285,-0.495
BALEARES,1999,BALEARES1999,BALEARES1998,"14,559",810,"1,408",,8.09,-3.195
BALEARES,2000,BALEARES2000,BALEARES1999,"16,110",896,"1,551",,6.525,-1.565
BALEARES,2001,BALEARES2001,BALEARES2000,"17,475",972,"1,365",,5.9475,-0.5775
BALEARES,2002,BALEARES2002,BALEARES2001,"18,582","1,034","1,107",,7.61375,1.66625
BALEARES,2003,BALEARES2003,BALEARES2002,"19,609","1,091","1,027",,9.775,2.16125
BALEARES,2004,BALEARES2004,BALEARES2003,"21,011","1,169","1,402",,9.1675,-0.6075
BALEARES,2005,BALEARES2005,BALEARES2004,"22,661","1,261","1,650",,7.2925,-1.875
BALEARES,2006,BALEARES2006,BALEARES2005,"24,473","1,362","1,812",,6.5,-0.7925
BALEARES,2007,BALEARES2007,BALEARES2006,"26,143","1,455","1,670",,7.2175,0.7175
BALEARES,2008,BALEARES2008,BALEARES2007,"27,197","1,513","1,054",,10.1875,2.97
BALEARES,2009,BALEARES2009,BALEARES2008,"26,405","1,469",-792,,17.97,7.7825
BALEARES,2010,BALEARES2010,BALEARES2009,"26,195","1,458",-210,,20.18,2.21
BALEARES,2011,BALEARES2011,BALEARES2010,"26,030","1,449",-165,,21.9475,1.7675
BALEARES,2012,BALEARES2012,BALEARES2011,"25,647","1,427",-383,,23.2575,1.31
BALEARES,2013,BALEARES2013,BALEARES2012,"25,508","1,419",-139,,22.335,-0.9225
BALEARES,2014,BALEARES2014,BALEARES2013,"26,301","1,464",793,,20.14,-2.195
BALEARES,2015,BALEARES2015,BALEARES2014,"27,338","1,521","1,037",,17.41,-2.73
BALEARES,2016,BALEARES2016,BALEARES2015,"28,651","1,594","1,313",,13.9575,-3.4525
BALEARES,2017,BALEARES2017,BALEARES2016,"29,911","1,664","1,260",,12.5275,-1.43
CANARIAS,1980,CANARIAS1980,CANARIAS1979,"3,284",100,0,0.03045067,12.3225,0
CANARIAS,1981,CANARIAS1981,CANARIAS1980,"3,714",113,430,,16.2275,3.905
CANARIAS,1982,CANARIAS1982,CANARIAS1981,"4,291",131,577,,18.2175,1.99
CANARIAS,1983,CANARIAS1983,CANARIAS1982,"5,042",154,751,,19.11,0.8925
CANARIAS,1984,CANARIAS1984,CANARIAS1983,"5,480",167,438,,22.3525,3.2425
CANARIAS,1985,CANARIAS1985,CANARIAS1984,"5,862",179,382,,25.6775,3.325
CANARIAS,1986,CANARIAS1986,CANARIAS1985,"6,941",211,"1,079",,25.72,0.0425
CANARIAS,1987,CANARIAS1987,CANARIAS1986,"7,792",237,851,,23.795,-1.925
CANARIAS,1988,CANARIAS1988,CANARIAS1987,"8,839",269,"1,047",,22.0125,-1.7825
CANARIAS,1989,CANARIAS1989,CANARIAS1988,"9,619",293,780,,21.2475,-0.765
CANARIAS,1990,CANARIAS1990,CANARIAS1989,"10,512",320,893,,22.9775,1.73
CANARIAS,1991,CANARIAS1991,CANARIAS1990,"11,465",349,953,,24.6125,1.635
CANARIAS,1992,CANARIAS1992,CANARIAS1991,"12,662",386,"1,197",,24.8225,0.21
CANARIAS,1993,CANARIAS1993,CANARIAS1992,"13,618",415,956,,28.24,3.4175
CANARIAS,1994,CANARIAS1994,CANARIAS1993,"14,513",442,895,,26.47,-1.77
CANARIAS,1995,CANARIAS1995,CANARIAS1994,"15,514",472,"1,001",,23.55,-2.92
CANARIAS,1996,CANARIAS1996,CANARIAS1995,"16,371",499,857,,21.94,-1.61
CANARIAS,1997,CANARIAS1997,CANARIAS1996,"19,376",590,"3,005",,19.69,-2.25
CANARIAS,1998,CANARIAS1998,CANARIAS1997,"21,135",644,"1,759",,18.465,-1.225
CANARIAS,1999,CANARIAS1999,CANARIAS1998,"23,515",716,"2,380",,14.2325,-4.2325
CANARIAS,2000,CANARIAS2000,CANARIAS1999,"25,313",771,"1,798",,13.4175,-0.815
CANARIAS,2001,CANARIAS2001,CANARIAS2000,"27,670",843,"2,357",,10.75,-2.6675
CANARIAS,2002,CANARIAS2002,CANARIAS2001,"29,789",907,"2,119",,11.10375,0.35375
CANARIAS,2003,CANARIAS2003,CANARIAS2002,"32,112",978,"2,323",,11.34,0.23625
CANARIAS,2004,CANARIAS2004,CANARIAS2003,"34,166","1,040","2,054",,11.9225,0.5825
CANARIAS,2005,CANARIAS2005,CANARIAS2004,"36,642","1,116","2,476",,11.7075,-0.215
CANARIAS,2006,CANARIAS2006,CANARIAS2005,"39,274","1,196","2,632",,11.62,-0.0875
CANARIAS,2007,CANARIAS2007,CANARIAS2006,"41,735","1,271","2,461",,10.4525,-1.1675
CANARIAS,2008,CANARIAS2008,CANARIAS2007,"42,907","1,307","1,172",,17.235,6.7825
CANARIAS,2009,CANARIAS2009,CANARIAS2008,"41,258","1,256","-1,649",,26,8.765
CANARIAS,2010,CANARIAS2010,CANARIAS2009,"41,249","1,256",-9,,28.6,2.6
CANARIAS,2011,CANARIAS2011,CANARIAS2010,"41,048","1,250",-201,,29.28,0.68
CANARIAS,2012,CANARIAS2012,CANARIAS2011,"39,799","1,212","-1,249",,32.575,3.295
CANARIAS,2013,CANARIAS2013,CANARIAS2012,"39,556","1,205",-243,,33.73,1.155
CANARIAS,2014,CANARIAS2014,CANARIAS2013,"39,832","1,213",276,,32.4175,-1.3125
CANARIAS,2015,CANARIAS2015,CANARIAS2014,"40,923","1,246","1,091",,29.105,-3.3125
CANARIAS,2016,CANARIAS2016,CANARIAS2015,"42,460","1,293","1,537",,26.06,-3.045
CANARIAS,2017,CANARIAS2017,CANARIAS2016,"44,206","1,346","1,746",,23.4725,-2.5875
CANTABRIA,1980,CANTABRIA1980,CANTABRIA1979,"1,338",100,0,0.074738416,7.47,0
CANTABRIA,1981,CANTABRIA1981,CANTABRIA1980,"1,549",116,211,,10.3125,2.8425
CANTABRIA,1982,CANTABRIA1982,CANTABRIA1981,"1,742",130,193,,12.4175,2.105
CANTABRIA,1983,CANTABRIA1983,CANTABRIA1982,"1,979",148,237,,12.6075,0.19
CANTABRIA,1984,CANTABRIA1984,CANTABRIA1983,"2,235",167,256,,15.985,3.3775
CANTABRIA,1985,CANTABRIA1985,CANTABRIA1984,"2,360",176,125,,15.6425,-0.3425
CANTABRIA,1986,CANTABRIA1986,CANTABRIA1985,"2,549",191,189,,17.7125,2.07
CANTABRIA,1987,CANTABRIA1987,CANTABRIA1986,"2,807",210,258,,18.785,1.0725
CANTABRIA,1988,CANTABRIA1988,CANTABRIA1987,"3,260",244,453,,20.635,1.85
CANTABRIA,1989,CANTABRIA1989,CANTABRIA1988,"3,713",278,453,,17.6525,-2.9825
CANTABRIA,1990,CANTABRIA1990,CANTABRIA1989,"4,005",299,292,,16.7675,-0.885
CANTABRIA,1991,CANTABRIA1991,CANTABRIA1990,"4,296",321,291,,15.9425,-0.825
CANTABRIA,1992,CANTABRIA1992,CANTABRIA1991,"4,691",351,395,,16.645,0.7025
CANTABRIA,1993,CANTABRIA1993,CANTABRIA1992,"4,765",356,74,,19.83,3.185
CANTABRIA,1994,CANTABRIA1994,CANTABRIA1993,"5,084",380,319,,23.355,3.525
CANTABRIA,1995,CANTABRIA1995,CANTABRIA1994,"5,455",408,371,,22.4375,-0.9175
CANTABRIA,1996,CANTABRIA1996,CANTABRIA1995,"5,725",428,270,,23.87,1.4325
CANTABRIA,1997,CANTABRIA1997,CANTABRIA1996,"6,145",459,420,,20.69,-3.18
CANTABRIA,1998,CANTABRIA1998,CANTABRIA1997,"6,617",495,472,,17.785,-2.905
CANTABRIA,1999,CANTABRIA1999,CANTABRIA1998,"7,124",532,507,,15.3375,-2.4475
CANTABRIA,2000,CANTABRIA2000,CANTABRIA1999,"7,779",581,655,,13.36,-1.9775
CANTABRIA,2001,CANTABRIA2001,CANTABRIA2000,"8,482",634,703,,8.6925,-4.6675
CANTABRIA,2002,CANTABRIA2002,CANTABRIA2001,"9,148",684,666,,10.035,1.3425
CANTABRIA,2003,CANTABRIA2003,CANTABRIA2002,"9,741",728,593,,10.41,0.375
CANTABRIA,2004,CANTABRIA2004,CANTABRIA2003,"10,491",784,750,,10.5625,0.1525
CANTABRIA,2005,CANTABRIA2005,CANTABRIA2004,"11,424",854,933,,8.505,-2.0575
CANTABRIA,2006,CANTABRIA2006,CANTABRIA2005,"12,360",924,936,,6.465,-2.04
CANTABRIA,2007,CANTABRIA2007,CANTABRIA2006,"13,348",998,988,,5.9625,-0.5025
CANTABRIA,2008,CANTABRIA2008,CANTABRIA2007,"13,889","1,038",541,,7.16,1.1975
CANTABRIA,2009,CANTABRIA2009,CANTABRIA2008,"13,346",997,-543,,12,4.84
CANTABRIA,2010,CANTABRIA2010,CANTABRIA2009,"12,826",959,-520,,13.7,1.7
CANTABRIA,2011,CANTABRIA2011,CANTABRIA2010,"12,592",941,-234,,15.3,1.6
CANTABRIA,2012,CANTABRIA2012,CANTABRIA2011,"12,152",908,-440,,17.7925,2.4925
CANTABRIA,2013,CANTABRIA2013,CANTABRIA2012,"11,750",878,-402,,20.4475,2.655
CANTABRIA,2014,CANTABRIA2014,CANTABRIA2013,"11,936",892,186,,19.4175,-1.03
CANTABRIA,2015,CANTABRIA2015,CANTABRIA2014,"12,196",912,260,,17.6475,-1.77
CANTABRIA,2016,CANTABRIA2016,CANTABRIA2015,"12,543",937,347,,14.9075,-2.74
CANTABRIA,2017,CANTABRIA2017,CANTABRIA2016,"13,083",978,540,,13.565,-1.3425
CASTILLA LA MANCHA,1980,CASTILLA LA MANCHA1980,CASTILLA LA MANCHA1979,"3,288",100,0,0.030413625,10.6575,0
CASTILLA LA MANCHA,1981,CASTILLA LA MANCHA1981,CASTILLA LA MANCHA1980,"3,612",110,324,,13.95,3.2925
CASTILLA LA MANCHA,1982,CASTILLA LA MANCHA1982,CASTILLA LA MANCHA1981,"4,166",127,554,,13.7325,-0.2175
CASTILLA LA MANCHA,1983,CASTILLA LA MANCHA1983,CASTILLA LA MANCHA1982,"4,692",143,526,,14.0825,0.35
CASTILLA LA MANCHA,1984,CASTILLA LA MANCHA1984,CASTILLA LA MANCHA1983,"5,359",163,667,,16.275,2.1925
CASTILLA LA MANCHA,1985,CASTILLA LA MANCHA1985,CASTILLA LA MANCHA1984,"6,247",190,888,,16.6025,0.3275
CASTILLA LA MANCHA,1986,CASTILLA LA MANCHA1986,CASTILLA LA MANCHA1985,"6,805",207,558,,15.1675,-1.435
CASTILLA LA MANCHA,1987,CASTILLA LA MANCHA1987,CASTILLA LA MANCHA1986,"7,807",237,"1,002",,15.0025,-0.165
CASTILLA LA MANCHA,1988,CASTILLA LA MANCHA1988,CASTILLA LA MANCHA1987,"8,832",269,"1,025",,15.1125,0.11
CASTILLA LA MANCHA,1989,CASTILLA LA MANCHA1989,CASTILLA LA MANCHA1988,"10,026",305,"1,194",,14.1925,-0.92
CASTILLA LA MANCHA,1990,CASTILLA LA MANCHA1990,CASTILLA LA MANCHA1989,"11,128",338,"1,102",,13.09,-1.1025
CASTILLA LA MANCHA,1991,CASTILLA LA MANCHA1991,CASTILLA LA MANCHA1990,"12,132",369,"1,004",,13.1675,0.0775
CASTILLA LA MANCHA,1992,CASTILLA LA MANCHA1992,CASTILLA LA MANCHA1991,"13,053",397,921,,15.66,2.4925
CASTILLA LA MANCHA,1993,CASTILLA LA MANCHA1993,CASTILLA LA MANCHA1992,"13,286",404,233,,19.5325,3.8725
CASTILLA LA MANCHA,1994,CASTILLA LA MANCHA1994,CASTILLA LA MANCHA1993,"13,926",424,640,,19.6975,0.165
CASTILLA LA MANCHA,1995,CASTILLA LA MANCHA1995,CASTILLA LA MANCHA1994,"14,874",452,948,,20.19,0.4925
CASTILLA LA MANCHA,1996,CASTILLA LA MANCHA1996,CASTILLA LA MANCHA1995,"15,891",483,"1,017",,19.43,-0.76
CASTILLA LA MANCHA,1997,CASTILLA LA MANCHA1997,CASTILLA LA MANCHA1996,"17,660",537,"1,769",,18.48,-0.95
CASTILLA LA MANCHA,1998,CASTILLA LA MANCHA1998,CASTILLA LA MANCHA1997,"18,895",575,"1,235",,16.7875,-1.6925
CASTILLA LA MANCHA,1999,CASTILLA LA MANCHA1999,CASTILLA LA MANCHA1998,"19,851",604,956,,14.92,-1.8675
CASTILLA LA MANCHA,2000,CASTILLA LA MANCHA2000,CASTILLA LA MANCHA1999,"21,330",649,"1,479",,12.5025,-2.4175
CASTILLA LA MANCHA,2001,CASTILLA LA MANCHA2001,CASTILLA LA MANCHA2000,"22,979",699,"1,649",,9.485,-3.0175
CASTILLA LA MANCHA,2002,CASTILLA LA MANCHA2002,CASTILLA LA MANCHA2001,"24,574",747,"1,595",,9.52125,0.03625
CASTILLA LA MANCHA,2003,CASTILLA LA MANCHA2003,CASTILLA LA MANCHA2002,"26,581",808,"2,007",,10.1375,0.61625
CASTILLA LA MANCHA,2004,CASTILLA LA MANCHA2004,CASTILLA LA MANCHA2003,"28,320",861,"1,739",,9.5125,-0.625
CASTILLA LA MANCHA,2005,CASTILLA LA MANCHA2005,CASTILLA LA MANCHA2004,"30,648",932,"2,328",,9.225,-0.2875
CASTILLA LA MANCHA,2006,CASTILLA LA MANCHA2006,CASTILLA LA MANCHA2005,"33,113","1,007","2,465",,8.8475,-0.3775
CASTILLA LA MANCHA,2007,CASTILLA LA MANCHA2007,CASTILLA LA MANCHA2006,"35,729","1,087","2,616",,7.665,-1.1825
CASTILLA LA MANCHA,2008,CASTILLA LA MANCHA2008,CASTILLA LA MANCHA2007,"36,857","1,121","1,128",,11.6625,3.9975
CASTILLA LA MANCHA,2009,CASTILLA LA MANCHA2009,CASTILLA LA MANCHA2008,"35,785","1,088","-1,072",,18.8725,7.21
CASTILLA LA MANCHA,2010,CASTILLA LA MANCHA2010,CASTILLA LA MANCHA2009,"39,230","1,193","3,445",,21.2225,2.35
CASTILLA LA MANCHA,2011,CASTILLA LA MANCHA2011,CASTILLA LA MANCHA2010,"38,774","1,179",-456,,23.075,1.8525
CASTILLA LA MANCHA,2012,CASTILLA LA MANCHA2012,CASTILLA LA MANCHA2011,"37,503","1,141","-1,271",,28.585,5.51
CASTILLA LA MANCHA,2013,CASTILLA LA MANCHA2013,CASTILLA LA MANCHA2012,"36,581","1,113",-922,,29.9675,1.3825
CASTILLA LA MANCHA,2014,CASTILLA LA MANCHA2014,CASTILLA LA MANCHA2013,"35,766","1,088",-815,,28.995,-0.9725
CASTILLA LA MANCHA,2015,CASTILLA LA MANCHA2015,CASTILLA LA MANCHA2014,"37,435","1,139","1,669",,26.345,-2.65
CASTILLA LA MANCHA,2016,CASTILLA LA MANCHA2016,CASTILLA LA MANCHA2015,"38,505","1,171","1,070",,23.5475,-2.7975
CASTILLA LA MANCHA,2017,CASTILLA LA MANCHA2017,CASTILLA LA MANCHA2016,"40,046","1,218","1,541",,20.765,-2.7825
CASTILLA LEON,1980,CASTILLA LEON1980,CASTILLA LEON1979,"5,663",100,0,0.017658485,8.45,0
CASTILLA LEON,1981,CASTILLA LEON1981,CASTILLA LEON1980,"6,153",109,490,,10.3725,1.9225
CASTILLA LEON,1982,CASTILLA LEON1982,CASTILLA LEON1981,"7,396",131,"1,243",,12.1575,1.785
CASTILLA LEON,1983,CASTILLA LEON1983,CASTILLA LEON1982,"8,478",150,"1,082",,13.5575,1.4
CASTILLA LEON,1984,CASTILLA LEON1984,CASTILLA LEON1983,"9,723",172,"1,245",,15.9875,2.43
CASTILLA LEON,1985,CASTILLA LEON1985,CASTILLA LEON1984,"10,978",194,"1,255",,18.165,2.1775
CASTILLA LEON,1986,CASTILLA LEON1986,CASTILLA LEON1985,"12,349",218,"1,371",,18.0425,-0.1225
CASTILLA LEON,1987,CASTILLA LEON1987,CASTILLA LEON1986,"13,723",242,"1,374",,17.105,-0.9375
CASTILLA LEON,1988,CASTILLA LEON1988,CASTILLA LEON1987,"15,021",265,"1,298",,17.355,0.25
CASTILLA LEON,1989,CASTILLA LEON1989,CASTILLA LEON1988,"16,524",292,"1,503",,16.58,-0.775
CASTILLA LEON,1990,CASTILLA LEON1990,CASTILLA LEON1989,"17,889",316,"1,365",,15.3925,-1.1875
CASTILLA LEON,1991,CASTILLA LEON1991,CASTILLA LEON1990,"19,541",345,"1,652",,15.0825,-0.31
CASTILLA LEON,1992,CASTILLA LEON1992,CASTILLA LEON1991,"20,921",369,"1,380",,17.695,2.6125
CASTILLA LEON,1993,CASTILLA LEON1993,CASTILLA LEON1992,"22,133",391,"1,212",,20.4175,2.7225
CASTILLA LEON,1994,CASTILLA LEON1994,CASTILLA LEON1993,"23,100",408,967,,21.43,1.0125
CASTILLA LEON,1995,CASTILLA LEON1995,CASTILLA LEON1994,"25,309",447,"2,209",,20.8775,-0.5525
CASTILLA LEON,1996,CASTILLA LEON1996,CASTILLA LEON1995,"26,779",473,"1,470",,19.9,-0.9775
CASTILLA LEON,1997,CASTILLA LEON1997,CASTILLA LEON1996,"29,498",521,"2,719",,19.5275,-0.3725
CASTILLA LEON,1998,CASTILLA LEON1998,CASTILLA LEON1997,"30,830",544,"1,332",,18.0025,-1.525
CASTILLA LEON,1999,CASTILLA LEON1999,CASTILLA LEON1998,"32,707",578,"1,877",,15.2325,-2.77
CASTILLA LEON,2000,CASTILLA LEON2000,CASTILLA LEON1999,"34,835",615,"2,128",,13.7475,-1.485
CASTILLA LEON,2001,CASTILLA LEON2001,CASTILLA LEON2000,"37,166",656,"2,331",,10.05,-3.6975
CASTILLA LEON,2002,CASTILLA LEON2002,CASTILLA LEON2001,"39,756",702,"2,590",,10.4725,0.4225
CASTILLA LEON,2003,CASTILLA LEON2003,CASTILLA LEON2002,"42,571",752,"2,815",,11.1025,0.63
CASTILLA LEON,2004,CASTILLA LEON2004,CASTILLA LEON2003,"45,622",806,"3,051",,10.7075,-0.395
CASTILLA LEON,2005,CASTILLA LEON2005,CASTILLA LEON2004,"48,991",865,"3,369",,8.7525,-1.955
CASTILLA LEON,2006,CASTILLA LEON2006,CASTILLA LEON2005,"52,653",930,"3,662",,8.12,-0.6325
CASTILLA LEON,2007,CASTILLA LEON2007,CASTILLA LEON2006,"56,620","1,000","3,967",,7.1325,-0.9875
CASTILLA LEON,2008,CASTILLA LEON2008,CASTILLA LEON2007,"58,128","1,026","1,508",,9.6125,2.48
CASTILLA LEON,2009,CASTILLA LEON2009,CASTILLA LEON2008,"56,389",996,"-1,739",,13.975,4.3625
CASTILLA LEON,2010,CASTILLA LEON2010,CASTILLA LEON2009,"55,558",981,-831,,15.7975,1.8225
CASTILLA LEON,2011,CASTILLA LEON2011,CASTILLA LEON2010,"55,076",973,-482,,16.8675,1.07
CASTILLA LEON,2012,CASTILLA LEON2012,CASTILLA LEON2011,"53,446",944,"-1,630",,19.8,2.9325
CASTILLA LEON,2013,CASTILLA LEON2013,CASTILLA LEON2012,"51,851",916,"-1,595",,21.7475,1.9475
CASTILLA LEON,2014,CASTILLA LEON2014,CASTILLA LEON2013,"51,887",916,36,,20.765,-0.9825
CASTILLA LEON,2015,CASTILLA LEON2015,CASTILLA LEON2014,"53,650",947,"1,763",,18.26,-2.505
CASTILLA LEON,2016,CASTILLA LEON2016,CASTILLA LEON2015,"55,533",981,"1,883",,15.825,-2.435
CASTILLA LEON,2017,CASTILLA LEON2017,CASTILLA LEON2016,"57,094","1,008","1,561",,14.0775,-1.7475
CATALUÑA,1980,CATALUÑA1980,CATALUÑA1979,"17,405",100,0,0.005745475,12.2325,0
CATALUÑA,1981,CATALUÑA1981,CATALUÑA1980,"19,236",111,"1,831",,15.395,3.1625
CATALUÑA,1982,CATALUÑA1982,CATALUÑA1981,"21,658",124,"2,422",,19.155,3.76
CATALUÑA,1983,CATALUÑA1983,CATALUÑA1982,"24,480",141,"2,822",,21.075,1.92
CATALUÑA,1984,CATALUÑA1984,CATALUÑA1983,"28,042",161,"3,562",,21.7375,0.6625
CATALUÑA,1985,CATALUÑA1985,CATALUÑA1984,"30,134",173,"2,092",,22.315,0.5775
CATALUÑA,1986,CATALUÑA1986,CATALUÑA1985,"35,444",204,"5,310",,21.1575,-1.1575
CATALUÑA,1987,CATALUÑA1987,CATALUÑA1986,"40,005",230,"4,561",,20.2525,-0.905
CATALUÑA,1988,CATALUÑA1988,CATALUÑA1987,"45,096",259,"5,091",,18.5525,-1.7
CATALUÑA,1989,CATALUÑA1989,CATALUÑA1988,"51,459",296,"6,363",,14.1575,-4.395
CATALUÑA,1990,CATALUÑA1990,CATALUÑA1989,"57,174",328,"5,715",,12.535,-1.6225
CATALUÑA,1991,CATALUÑA1991,CATALUÑA1990,"62,747",361,"5,573",,12.1975,-0.3375
CATALUÑA,1992,CATALUÑA1992,CATALUÑA1991,"67,888",390,"5,141",,13.535,1.3375
CATALUÑA,1993,CATALUÑA1993,CATALUÑA1992,"69,719",401,"1,831",,19.1625,5.6275
CATALUÑA,1994,CATALUÑA1994,CATALUÑA1993,"74,691",429,"4,972",,21.1725,2.01
CATALUÑA,1995,CATALUÑA1995,CATALUÑA1994,"81,192",466,"6,501",,19.745,-1.4275
CATALUÑA,1996,CATALUÑA1996,CATALUÑA1995,"85,669",492,"4,477",,18.825,-0.92
CATALUÑA,1997,CATALUÑA1997,CATALUÑA1996,"95,893",551,"10,224",,17.1025,-1.7225
CATALUÑA,1998,CATALUÑA1998,CATALUÑA1997,"101,701",584,"5,808",,14.4225,-2.68
CATALUÑA,1999,CATALUÑA1999,CATALUÑA1998,"109,999",632,"8,298",,10.7225,-3.7
CATALUÑA,2000,CATALUÑA2000,CATALUÑA1999,"119,124",684,"9,125",,8.88,-1.8425
CATALUÑA,2001,CATALUÑA2001,CATALUÑA2000,"128,643",739,"9,519",,8.63,-0.25
CATALUÑA,2002,CATALUÑA2002,CATALUÑA2001,"137,308",789,"8,665",,10.14125,1.51125
CATALUÑA,2003,CATALUÑA2003,CATALUÑA2002,"147,282",846,"9,974",,10.2525,0.11125
CATALUÑA,2004,CATALUÑA2004,CATALUÑA2003,"158,191",909,"10,909",,9.7225,-0.53
CATALUÑA,2005,CATALUÑA2005,CATALUÑA2004,"169,995",977,"11,804",,6.915,-2.8075
CATALUÑA,2006,CATALUÑA2006,CATALUÑA2005,"184,329","1,059","14,334",,6.4925,-0.4225
CATALUÑA,2007,CATALUÑA2007,CATALUÑA2006,"197,167","1,133","12,838",,6.4725,-0.02
CATALUÑA,2008,CATALUÑA2008,CATALUÑA2007,"202,695","1,165","5,528",,8.885,2.4125
CATALUÑA,2009,CATALUÑA2009,CATALUÑA2008,"195,645","1,124","-7,050",,16.2175,7.3325
CATALUÑA,2010,CATALUÑA2010,CATALUÑA2009,"203,324","1,168","7,679",,17.6575,1.44
CATALUÑA,2011,CATALUÑA2011,CATALUÑA2010,"200,185","1,150","-3,139",,19.16,1.5025
CATALUÑA,2012,CATALUÑA2012,CATALUÑA2011,"195,209","1,122","-4,976",,22.515,3.355
CATALUÑA,2013,CATALUÑA2013,CATALUÑA2012,"193,126","1,110","-2,083",,23.12,0.605
CATALUÑA,2014,CATALUÑA2014,CATALUÑA2013,"196,676","1,130","3,550",,20.325,-2.795
CATALUÑA,2015,CATALUÑA2015,CATALUÑA2014,"205,535","1,181","8,859",,18.5925,-1.7325
CATALUÑA,2016,CATALUÑA2016,CATALUÑA2015,"213,766","1,228","8,231",,15.7125,-2.88
CATALUÑA,2017,CATALUÑA2017,CATALUÑA2016,"223,139","1,282","9,373",,13.4125,-2.3
CEUTA,1980,CEUTA1980,CEUTA1979,237,100,0,0.421940928,0,0
CEUTA,1981,CEUTA1981,CEUTA1980,267,113,30,,0,0
CEUTA,1982,CEUTA1982,CEUTA1981,316,133,49,,0,0
CEUTA,1983,CEUTA1983,CEUTA1982,363,153,47,,0,0
CEUTA,1984,CEUTA1984,CEUTA1983,417,176,54,,0,0
CEUTA,1985,CEUTA1985,CEUTA1984,474,200,57,,0,0
CEUTA,1986,CEUTA1986,CEUTA1985,516,218,42,,0,0
CEUTA,1987,CEUTA1987,CEUTA1986,584,246,68,,0,0
CEUTA,1988,CEUTA1988,CEUTA1987,653,276,69,,25.08,25.08
CEUTA,1989,CEUTA1989,CEUTA1988,706,298,53,,29.685,4.605
CEUTA,1990,CEUTA1990,CEUTA1989,805,340,99,,30.02,0.335
CEUTA,1991,CEUTA1991,CEUTA1990,908,383,103,,29.3475,-0.6725
CEUTA,1992,CEUTA1992,CEUTA1991,963,406,55,,25.325,-4.0225
CEUTA,1993,CEUTA1993,CEUTA1992,"1,041",439,78,,24.0925,-1.2325
CEUTA,1994,CEUTA1994,CEUTA1993,"1,089",459,48,,28.9425,4.85
CEUTA,1995,CEUTA1995,CEUTA1994,"1,252",528,163,,30.595,1.6525
CEUTA,1996,CEUTA1996,CEUTA1995,"1,288",543,36,,28.98,-1.615
CEUTA,1997,CEUTA1997,CEUTA1996,735,310,-553,,27.0925,-1.8875
CEUTA,1998,CEUTA1998,CEUTA1997,805,340,70,,24.8975,-2.195
CEUTA,1999,CEUTA1999,CEUTA1998,875,369,70,,24.2275,-0.67
CEUTA,2000,CEUTA2000,CEUTA1999,949,400,74,,23.335,-0.8925
CEUTA,2001,CEUTA2001,CEUTA2000,"1,005",424,56,,5.2475,-18.0875
CEUTA,2002,CEUTA2002,CEUTA2001,"1,079",455,74,,6.24875,1.00125
CEUTA,2003,CEUTA2003,CEUTA2002,"1,176",496,97,,9.46,3.21125
CEUTA,2004,CEUTA2004,CEUTA2003,"1,261",532,85,,10.8525,1.3925
CEUTA,2005,CEUTA2005,CEUTA2004,"1,349",569,88,,19.44,8.5875
CEUTA,2006,CEUTA2006,CEUTA2005,"1,455",614,106,,21.225,1.785
CEUTA,2007,CEUTA2007,CEUTA2006,"1,556",657,101,,21.005,-0.22
CEUTA,2008,CEUTA2008,CEUTA2007,"1,629",687,73,,17.45,-3.555
CEUTA,2009,CEUTA2009,CEUTA2008,"1,629",687,0,,18.6325,1.1825
CEUTA,2010,CEUTA2010,CEUTA2009,"1,589",670,-40,,23.92,5.2875
CEUTA,2011,CEUTA2011,CEUTA2010,"1,585",669,-4,,27.745,3.825
CEUTA,2012,CEUTA2012,CEUTA2011,"1,535",648,-50,,37.02,9.275
CEUTA,2013,CEUTA2013,CEUTA2012,"1,558",657,23,,34.79,-2.23
CEUTA,2014,CEUTA2014,CEUTA2013,"1,548",653,-10,,31.8425,-2.9475
CEUTA,2015,CEUTA2015,CEUTA2014,"1,595",673,47,,27.5475,-4.295
CEUTA,2016,CEUTA2016,CEUTA2015,"1,628",687,33,,24.88,-2.6675
CEUTA,2017,CEUTA2017,CEUTA2016,"1,660",700,32,,22.37,-2.51
EUSKADI,1980,EUSKADI1980,EUSKADI1979,"6,764",100,0,0.014784151,12.3775,0
EUSKADI,1981,EUSKADI1981,EUSKADI1980,"7,718",114,954,,15.715,3.3375
EUSKADI,1982,EUSKADI1982,EUSKADI1981,"8,891",131,"1,173",,18.165,2.45
EUSKADI,1983,EUSKADI1983,EUSKADI1982,"9,883",146,992,,19.615,1.45
EUSKADI,1984,EUSKADI1984,EUSKADI1983,"10,712",158,829,,21.6025,1.9875
EUSKADI,1985,EUSKADI1985,EUSKADI1984,"11,890",176,"1,178",,23.0175,1.415
EUSKADI,1986,EUSKADI1986,EUSKADI1985,"13,417",198,"1,527",,23.18,0.1625
EUSKADI,1987,EUSKADI1987,EUSKADI1986,"14,321",212,904,,22.125,-1.055
EUSKADI,1988,EUSKADI1988,EUSKADI1987,"15,574",230,"1,253",,21.215,-0.91
EUSKADI,1989,EUSKADI1989,EUSKADI1988,"17,623",261,"2,049",,19.275,-1.94
EUSKADI,1990,EUSKADI1990,EUSKADI1989,"19,320",286,"1,697",,18.64,-0.635
EUSKADI,1991,EUSKADI1991,EUSKADI1990,"21,008",311,"1,688",,18.2725,-0.3675
EUSKADI,1992,EUSKADI1992,EUSKADI1991,"22,191",328,"1,183",,19.5625,1.29
EUSKADI,1993,EUSKADI1993,EUSKADI1992,"22,802",337,611,,23.405,3.8425
EUSKADI,1994,EUSKADI1994,EUSKADI1993,"24,133",357,"1,331",,24.3925,0.9875
EUSKADI,1995,EUSKADI1995,EUSKADI1994,"25,879",383,"1,746",,22.535,-1.8575
EUSKADI,1996,EUSKADI1996,EUSKADI1995,"26,961",399,"1,082",,20.615,-1.92
EUSKADI,1997,EUSKADI1997,EUSKADI1996,"31,496",466,"4,535",,18.88,-1.735
EUSKADI,1998,EUSKADI1998,EUSKADI1997,"34,032",503,"2,536",,16.905,-1.975
EUSKADI,1999,EUSKADI1999,EUSKADI1998,"36,802",544,"2,770",,13.86,-3.045
EUSKADI,2000,EUSKADI2000,EUSKADI1999,"39,738",587,"2,936",,12.075,-1.785
EUSKADI,2001,EUSKADI2001,EUSKADI2000,"42,579",629,"2,841",,9.7875,-2.2875
EUSKADI,2002,EUSKADI2002,EUSKADI2001,"45,220",669,"2,641",,9.5725,-0.215
EUSKADI,2003,EUSKADI2003,EUSKADI2002,"48,114",711,"2,894",,9.5,-0.0725
EUSKADI,2004,EUSKADI2004,EUSKADI2003,"51,611",763,"3,497",,9.8175,0.3175
EUSKADI,2005,EUSKADI2005,EUSKADI2004,"55,944",827,"4,333",,7.4125,-2.405
EUSKADI,2006,EUSKADI2006,EUSKADI2005,"60,765",898,"4,821",,7.165,-0.2475
EUSKADI,2007,EUSKADI2007,EUSKADI2006,"65,152",963,"4,387",,6.2225,-0.9425
EUSKADI,2008,EUSKADI2008,EUSKADI2007,"67,941","1,004","2,789",,6.6225,0.4
EUSKADI,2009,EUSKADI2009,EUSKADI2008,"65,455",968,"-2,486",,11.3375,4.715
EUSKADI,2010,EUSKADI2010,EUSKADI2009,"65,680",971,225,,10.69,-0.6475
EUSKADI,2011,EUSKADI2011,EUSKADI2010,"65,176",964,-504,,12.3475,1.6575
EUSKADI,2012,EUSKADI2012,EUSKADI2011,"63,818",943,"-1,358",,15.5975,3.25
EUSKADI,2013,EUSKADI2013,EUSKADI2012,"62,648",926,"-1,170",,16.5725,0.975
EUSKADI,2014,EUSKADI2014,EUSKADI2013,"63,896",945,"1,248",,16.325,-0.2475
EUSKADI,2015,EUSKADI2015,EUSKADI2014,"66,482",983,"2,586",,14.765,-1.56
EUSKADI,2016,EUSKADI2016,EUSKADI2015,"68,817","1,017","2,335",,12.5925,-2.1725
EUSKADI,2017,EUSKADI2017,EUSKADI2016,"71,743","1,061","2,926",,11.305,-1.2875
EXTREMADURA,1980,EXTREMADURA1980,EXTREMADURA1979,"1,508",100,0,0.066312997,14.9875,0
EXTREMADURA,1981,EXTREMADURA1981,EXTREMADURA1980,"1,665",110,157,,16.5075,1.52
EXTREMADURA,1982,EXTREMADURA1982,EXTREMADURA1981,"1,937",128,272,,17.3825,0.875
EXTREMADURA,1983,EXTREMADURA1983,EXTREMADURA1982,"2,189",145,252,,16.3475,-1.035
EXTREMADURA,1984,EXTREMADURA1984,EXTREMADURA1983,"2,926",194,737,,26.5225,10.175
EXTREMADURA,1985,EXTREMADURA1985,EXTREMADURA1984,"3,303",219,377,,27,0.4775
EXTREMADURA,1986,EXTREMADURA1986,EXTREMADURA1985,"3,578",237,275,,27.4225,0.4225
EXTREMADURA,1987,EXTREMADURA1987,EXTREMADURA1986,"4,102",272,524,,26.4325,-0.99
EXTREMADURA,1988,EXTREMADURA1988,EXTREMADURA1987,"4,693",311,591,,26.215,-0.2175
EXTREMADURA,1989,EXTREMADURA1989,EXTREMADURA1988,"5,126",340,433,,26.6325,0.4175
EXTREMADURA,1990,EXTREMADURA1990,EXTREMADURA1989,"5,691",377,565,,24.8375,-1.795
EXTREMADURA,1991,EXTREMADURA1991,EXTREMADURA1990,"6,285",417,594,,24.005,-0.8325
EXTREMADURA,1992,EXTREMADURA1992,EXTREMADURA1991,"6,841",454,556,,25.89,1.885
EXTREMADURA,1993,EXTREMADURA1993,EXTREMADURA1992,"7,052",468,211,,29.96,4.07
EXTREMADURA,1994,EXTREMADURA1994,EXTREMADURA1993,"7,547",500,495,,31.6425,1.6825
EXTREMADURA,1995,EXTREMADURA1995,EXTREMADURA1994,"7,821",519,274,,30.8025,-0.84
EXTREMADURA,1996,EXTREMADURA1996,EXTREMADURA1995,"8,257",548,436,,30.2075,-0.595
EXTREMADURA,1997,EXTREMADURA1997,EXTREMADURA1996,"8,509",564,252,,29.1125,-1.095
EXTREMADURA,1998,EXTREMADURA1998,EXTREMADURA1997,"9,038",599,529,,28.9,-0.2125
EXTREMADURA,1999,EXTREMADURA1999,EXTREMADURA1998,"9,727",645,689,,25.12,-3.78
EXTREMADURA,2000,EXTREMADURA2000,EXTREMADURA1999,"10,540",699,813,,23.6275,-1.4925
EXTREMADURA,2001,EXTREMADURA2001,EXTREMADURA2000,"11,292",749,752,,14.5125,-9.115
EXTREMADURA,2002,EXTREMADURA2002,EXTREMADURA2001,"12,091",802,799,,19.13,4.6175
EXTREMADURA,2003,EXTREMADURA2003,EXTREMADURA2002,"13,002",862,911,,17.29,-1.84
EXTREMADURA,2004,EXTREMADURA2004,EXTREMADURA2003,"13,958",926,956,,17.25,-0.04
EXTREMADURA,2005,EXTREMADURA2005,EXTREMADURA2004,"15,218","1,009","1,260",,15.735,-1.515
EXTREMADURA,2006,EXTREMADURA2006,EXTREMADURA2005,"16,244","1,077","1,026",,13.3125,-2.4225
EXTREMADURA,2007,EXTREMADURA2007,EXTREMADURA2006,"17,503","1,161","1,259",,12.97,-0.3425
EXTREMADURA,2008,EXTREMADURA2008,EXTREMADURA2007,"18,176","1,205",673,,15.35,2.38
EXTREMADURA,2009,EXTREMADURA2009,EXTREMADURA2008,"17,922","1,188",-254,,20.63,5.28
EXTREMADURA,2010,EXTREMADURA2010,EXTREMADURA2009,"18,027","1,195",105,,22.97,2.34
EXTREMADURA,2011,EXTREMADURA2011,EXTREMADURA2010,"17,563","1,165",-464,,25.08,2.11
EXTREMADURA,2012,EXTREMADURA2012,EXTREMADURA2011,"16,875","1,119",-688,,33.075,7.995
EXTREMADURA,2013,EXTREMADURA2013,EXTREMADURA2012,"16,781","1,113",-94,,33.8675,0.7925
EXTREMADURA,2014,EXTREMADURA2014,EXTREMADURA2013,"16,707","1,108",-74,,29.7925,-4.075
EXTREMADURA,2015,EXTREMADURA2015,EXTREMADURA2014,"17,468","1,158",761,,29.095,-0.6975
EXTREMADURA,2016,EXTREMADURA2016,EXTREMADURA2015,"17,902","1,187",434,,27.515,-1.58
EXTREMADURA,2017,EXTREMADURA2017,EXTREMADURA2016,"18,520","1,228",618,,26.2175,-1.2975
GALICIA,1980,GALICIA1980,GALICIA1979,"5,466",100,0,0.018294914,5.0125,0
GALICIA,1981,GALICIA1981,GALICIA1980,"6,283",115,817,,6.12,1.1075
GALICIA,1982,GALICIA1982,GALICIA1981,"7,391",135,"1,108",,7.52,1.4
GALICIA,1983,GALICIA1983,GALICIA1982,"8,196",150,805,,9.89,2.37
GALICIA,1984,GALICIA1984,GALICIA1983,"9,280",170,"1,084",,11.605,1.715
GALICIA,1985,GALICIA1985,GALICIA1984,"10,123",185,843,,12.985,1.38
GALICIA,1986,GALICIA1986,GALICIA1985,"11,206",205,"1,083",,13.455,0.47
GALICIA,1987,GALICIA1987,GALICIA1986,"12,266",224,"1,060",,12.7425,-0.7125
GALICIA,1988,GALICIA1988,GALICIA1987,"13,684",250,"1,418",,12.4325,-0.31
GALICIA,1989,GALICIA1989,GALICIA1988,"15,279",280,"1,595",,12.3175,-0.115
GALICIA,1990,GALICIA1990,GALICIA1989,"16,612",304,"1,333",,12.285,-0.0325
GALICIA,1991,GALICIA1991,GALICIA1990,"18,078",331,"1,466",,12.46,0.175
GALICIA,1992,GALICIA1992,GALICIA1991,"19,547",358,"1,469",,16.2425,3.7825
GALICIA,1993,GALICIA1993,GALICIA1992,"20,214",370,667,,18.3375,2.095
GALICIA,1994,GALICIA1994,GALICIA1993,"21,274",389,"1,060",,19.93,1.5925
GALICIA,1995,GALICIA1995,GALICIA1994,"23,147",423,"1,873",,18.0525,-1.8775
GALICIA,1996,GALICIA1996,GALICIA1995,"24,462",448,"1,315",,18.645,0.5925
GALICIA,1997,GALICIA1997,GALICIA1996,"27,509",503,"3,047",,18.4075,-0.2375
GALICIA,1998,GALICIA1998,GALICIA1997,"28,981",530,"1,472",,17.35,-1.0575
GALICIA,1999,GALICIA1999,GALICIA1998,"30,759",563,"1,778",,16.1925,-1.1575
GALICIA,2000,GALICIA2000,GALICIA1999,"32,703",598,"1,944",,14.875,-1.3175
GALICIA,2001,GALICIA2001,GALICIA2000,"34,939",639,"2,236",,11.0175,-3.8575
GALICIA,2002,GALICIA2002,GALICIA2001,"37,256",682,"2,317",,12.15625,1.13875
GALICIA,2003,GALICIA2003,GALICIA2002,"39,883",730,"2,627",,12.6725,0.51625
GALICIA,2004,GALICIA2004,GALICIA2003,"42,892",785,"3,009",,13.5375,0.865
GALICIA,2005,GALICIA2005,GALICIA2004,"46,439",850,"3,547",,9.8875,-3.65
GALICIA,2006,GALICIA2006,GALICIA2005,"50,338",921,"3,899",,8.3525,-1.535
GALICIA,2007,GALICIA2007,GALICIA2006,"54,108",990,"3,770",,7.5775,-0.775
GALICIA,2008,GALICIA2008,GALICIA2007,"56,220","1,029","2,112",,8.635,1.0575
GALICIA,2009,GALICIA2009,GALICIA2008,"54,857","1,004","-1,363",,12.4375,3.8025
GALICIA,2010,GALICIA2010,GALICIA2009,"57,025","1,043","2,168",,15.325,2.8875
GALICIA,2011,GALICIA2011,GALICIA2010,"55,828","1,021","-1,197",,17.26,1.935
GALICIA,2012,GALICIA2012,GALICIA2011,"54,023",988,"-1,805",,20.5325,3.2725
GALICIA,2013,GALICIA2013,GALICIA2012,"53,710",983,-313,,22.0425,1.51
GALICIA,2014,GALICIA2014,GALICIA2013,"53,981",988,271,,21.6525,-0.39
GALICIA,2015,GALICIA2015,GALICIA2014,"56,326","1,030","2,345",,19.3075,-2.345
GALICIA,2016,GALICIA2016,GALICIA2015,"58,449","1,069","2,123",,17.155,-2.1525
GALICIA,2017,GALICIA2017,GALICIA2016,"60,824","1,113","2,375",,15.6675,-1.4875
MADRID,1980,MADRID1980,MADRID1979,"13,457",100,0,0.007431077,12.535,0
MADRID,1981,MADRID1981,MADRID1980,"15,126",112,"1,669",,14.3525,1.8175
MADRID,1982,MADRID1982,MADRID1981,"17,858",133,"2,732",,14.5,0.1475
MADRID,1983,MADRID1983,MADRID1982,"20,673",154,"2,815",,16.7025,2.2025
MADRID,1984,MADRID1984,MADRID1983,"23,118",172,"2,445",,19.3875,2.685
MADRID,1985,MADRID1985,MADRID1984,"24,976",186,"1,858",,21.09,1.7025
MADRID,1986,MADRID1986,MADRID1985,"29,945",223,"4,969",,19.3525,-1.7375
MADRID,1987,MADRID1987,MADRID1986,"33,667",250,"3,722",,16.4325,-2.92
MADRID,1988,MADRID1988,MADRID1987,"37,095",276,"3,428",,16.14,-0.2925
MADRID,1989,MADRID1989,MADRID1988,"41,713",310,"4,618",,13,-3.14
MADRID,1990,MADRID1990,MADRID1989,"47,072",350,"5,359",,12.2325,-0.7675
MADRID,1991,MADRID1991,MADRID1990,"51,800",385,"4,728",,11.825,-0.4075
MADRID,1992,MADRID1992,MADRID1991,"56,015",416,"4,215",,12.96,1.135
MADRID,1993,MADRID1993,MADRID1992,"57,974",431,"1,959",,17.7675,4.8075
MADRID,1994,MADRID1994,MADRID1993,"61,927",460,"3,953",,20.57,2.8025
MADRID,1995,MADRID1995,MADRID1994,"67,181",499,"5,254",,20.465,-0.105
MADRID,1996,MADRID1996,MADRID1995,"71,130",529,"3,949",,20.1775,-0.2875
MADRID,1997,MADRID1997,MADRID1996,"85,385",635,"14,255",,17.9825,-2.195
MADRID,1998,MADRID1998,MADRID1997,"93,521",695,"8,136",,16.785,-1.1975
MADRID,1999,MADRID1999,MADRID1998,"101,371",753,"7,850",,12.9325,-3.8525
MADRID,2000,MADRID2000,MADRID1999,"111,205",826,"9,834",,11.5625,-1.37
MADRID,2001,MADRID2001,MADRID2000,"120,677",897,"9,472",,7.5725,-3.99
MADRID,2002,MADRID2002,MADRID2001,"129,375",961,"8,698",,7.28125,-0.29125
MADRID,2003,MADRID2003,MADRID2002,"138,528","1,029","9,153",,7.3675,0.08625
MADRID,2004,MADRID2004,MADRID2003,"148,809","1,106","10,281",,6.7375,-0.63
MADRID,2005,MADRID2005,MADRID2004,"160,663","1,194","11,854",,6.835,0.0975
MADRID,2006,MADRID2006,MADRID2005,"174,684","1,298","14,021",,6.3025,-0.5325
MADRID,2007,MADRID2007,MADRID2006,"186,500","1,386","11,816",,6.2425,-0.06
MADRID,2008,MADRID2008,MADRID2007,"193,050","1,435","6,550",,8.6,2.3575
MADRID,2009,MADRID2009,MADRID2008,"189,782","1,410","-3,268",,13.855,5.255
MADRID,2010,MADRID2010,MADRID2009,"197,970","1,471","8,188",,15.8425,1.9875
MADRID,2011,MADRID2011,MADRID2010,"198,979","1,479","1,009",,16.3375,0.495
MADRID,2012,MADRID2012,MADRID2011,"195,710","1,454","-3,269",,18.53,2.1925
MADRID,2013,MADRID2013,MADRID2012,"192,983","1,434","-2,727",,19.7625,1.2325
MADRID,2014,MADRID2014,MADRID2013,"195,191","1,450","2,208",,18.7475,-1.015
MADRID,2015,MADRID2015,MADRID2014,"203,602","1,513","8,411",,17.0575,-1.69
MADRID,2016,MADRID2016,MADRID2015,"211,528","1,572","7,926",,15.7125,-1.345
MADRID,2017,MADRID2017,MADRID2016,"219,976","1,635","8,448",,13.3425,-2.37
MELILLA,1980,MELILLA1980,MELILLA1979,237,100,0,0.421940928,0,0
MELILLA,1981,MELILLA1981,MELILLA1980,267,113,30,,0,0
MELILLA,1982,MELILLA1982,MELILLA1981,316,133,49,,0,0
MELILLA,1983,MELILLA1983,MELILLA1982,363,153,47,,0,0
MELILLA,1984,MELILLA1984,MELILLA1983,417,176,54,,0,0
MELILLA,1985,MELILLA1985,MELILLA1984,474,200,57,,0,0
MELILLA,1986,MELILLA1986,MELILLA1985,516,218,42,,0,0
MELILLA,1987,MELILLA1987,MELILLA1986,584,246,68,,0,0
MELILLA,1988,MELILLA1988,MELILLA1987,653,276,69,,25.08,25.08
MELILLA,1989,MELILLA1989,MELILLA1988,706,298,53,,29.685,4.605
MELILLA,1990,MELILLA1990,MELILLA1989,805,340,99,,30.02,0.335
MELILLA,1991,MELILLA1991,MELILLA1990,908,383,103,,29.3475,-0.6725
MELILLA,1992,MELILLA1992,MELILLA1991,963,406,55,,25.325,-4.0225
MELILLA,1993,MELILLA1993,MELILLA1992,"1,041",439,78,,24.0925,-1.2325
MELILLA,1994,MELILLA1994,MELILLA1993,"1,089",459,48,,28.9425,4.85
MELILLA,1995,MELILLA1995,MELILLA1994,"1,252",528,163,,30.595,1.6525
MELILLA,1996,MELILLA1996,MELILLA1995,"1,288",543,36,,28.98,-1.615
MELILLA,1997,MELILLA1997,MELILLA1996,678,286,-610,,27.0925,-1.8875
MELILLA,1998,MELILLA1998,MELILLA1997,740,312,62,,24.8975,-2.195
MELILLA,1999,MELILLA1999,MELILLA1998,800,338,60,,24.2275,-0.67
MELILLA,2000,MELILLA2000,MELILLA1999,864,365,64,,23.335,-0.8925
MELILLA,2001,MELILLA2001,MELILLA2000,918,387,54,,5.2475,-18.0875
MELILLA,2002,MELILLA2002,MELILLA2001,978,413,60,,4.84625,-0.40125
MELILLA,2003,MELILLA2003,MELILLA2002,"1,062",448,84,,8.355,3.50875
MELILLA,2004,MELILLA2004,MELILLA2003,"1,150",485,88,,17.5875,9.2325
MELILLA,2005,MELILLA2005,MELILLA2004,"1,241",524,91,,14.2575,-3.33
MELILLA,2006,MELILLA2006,MELILLA2005,"1,352",570,111,,13.6025,-0.655
MELILLA,2007,MELILLA2007,MELILLA2006,"1,435",605,83,,18.1725,4.57
MELILLA,2008,MELILLA2008,MELILLA2007,"1,506",635,71,,19.8925,1.72
MELILLA,2009,MELILLA2009,MELILLA2008,"1,509",637,3,,23.4675,3.575
MELILLA,2010,MELILLA2010,MELILLA2009,"1,423",600,-86,,22.7725,-0.695
MELILLA,2011,MELILLA2011,MELILLA2010,"1,425",601,2,,22.4075,-0.365
MELILLA,2012,MELILLA2012,MELILLA2011,"1,378",581,-47,,26.8575,4.45
MELILLA,2013,MELILLA2013,MELILLA2012,"1,394",588,16,,32.4075,5.55
MELILLA,2014,MELILLA2014,MELILLA2013,"1,403",592,9,,28.4,-4.0075
MELILLA,2015,MELILLA2015,MELILLA2014,"1,456",614,53,,33.9475,5.5475
MELILLA,2016,MELILLA2016,MELILLA2015,"1,491",629,35,,30.7775,-3.17
MELILLA,2017,MELILLA2017,MELILLA2016,"1,523",643,32,,27.615,-3.1625
MURCIA,1980,MURCIA1980,MURCIA1979,"2,186",100,0,0.045745654,9.8225,0
MURCIA,1981,MURCIA1981,MURCIA1980,"2,433",111,247,,12.55,2.7275
MURCIA,1982,MURCIA1982,MURCIA1981,"2,769",127,336,,15.285,2.735
MURCIA,1983,MURCIA1983,MURCIA1982,"3,245",148,476,,16.6225,1.3375
MURCIA,1984,MURCIA1984,MURCIA1983,"3,688",169,443,,16.86,0.2375
MURCIA,1985,MURCIA1985,MURCIA1984,"4,048",185,360,,20.51,3.65
MURCIA,1986,MURCIA1986,MURCIA1985,"4,834",221,786,,19.6425,-0.8675
MURCIA,1987,MURCIA1987,MURCIA1986,"5,357",245,523,,19.6425,0
MURCIA,1988,MURCIA1988,MURCIA1987,"5,812",266,455,,17.4875,-2.155
MURCIA,1989,MURCIA1989,MURCIA1988,"6,551",300,739,,16.43,-1.0575
MURCIA,1990,MURCIA1990,MURCIA1989,"7,517",344,966,,15.95,-0.48
MURCIA,1991,MURCIA1991,MURCIA1990,"8,141",372,624,,18.155,2.205
MURCIA,1992,MURCIA1992,MURCIA1991,"8,700",398,559,,20.965,2.81
MURCIA,1993,MURCIA1993,MURCIA1992,"8,918",408,218,,25.19,4.225
MURCIA,1994,MURCIA1994,MURCIA1993,"9,529",436,611,,25.5175,0.3275
MURCIA,1995,MURCIA1995,MURCIA1994,"10,077",461,548,,23.5525,-1.965
MURCIA,1996,MURCIA1996,MURCIA1995,"10,549",483,472,,23.555,0.0025
MURCIA,1997,MURCIA1997,MURCIA1996,"11,861",543,"1,312",,19.435,-4.12
MURCIA,1998,MURCIA1998,MURCIA1997,"12,796",585,935,,17.28,-2.155
MURCIA,1999,MURCIA1999,MURCIA1998,"13,719",628,923,,13.9025,-3.3775
MURCIA,2000,MURCIA2000,MURCIA1999,"15,202",695,"1,483",,12.7325,-1.17
MURCIA,2001,MURCIA2001,MURCIA2000,"16,577",758,"1,375",,10.66,-2.0725
MURCIA,2002,MURCIA2002,MURCIA2001,"18,054",826,"1,477",,11.33875,0.67875
MURCIA,2003,MURCIA2003,MURCIA2002,"19,703",901,"1,649",,10.7875,-0.55125
MURCIA,2004,MURCIA2004,MURCIA2003,"21,205",970,"1,502",,10.7275,-0.06
MURCIA,2005,MURCIA2005,MURCIA2004,"23,262","1,064","2,057",,8.0375,-2.69
MURCIA,2006,MURCIA2006,MURCIA2005,"25,208","1,153","1,946",,7.8775,-0.16
MURCIA,2007,MURCIA2007,MURCIA2006,"27,100","1,240","1,892",,7.54,-0.3375
MURCIA,2008,MURCIA2008,MURCIA2007,"28,164","1,288","1,064",,12.43,4.89
MURCIA,2009,MURCIA2009,MURCIA2008,"27,182","1,243",-982,,20.3275,7.8975
MURCIA,2010,MURCIA2010,MURCIA2009,"27,984","1,280",802,,22.8625,2.535
MURCIA,2011,MURCIA2011,MURCIA2010,"27,243","1,246",-741,,24.985,2.1225
MURCIA,2012,MURCIA2012,MURCIA2011,"26,548","1,214",-695,,27.615,2.63
MURCIA,2013,MURCIA2013,MURCIA2012,"26,479","1,211",-69,,28.98,1.365
MURCIA,2014,MURCIA2014,MURCIA2013,"26,612","1,217",133,,26.585,-2.395
MURCIA,2015,MURCIA2015,MURCIA2014,"28,212","1,291","1,600",,24.615,-1.97
MURCIA,2016,MURCIA2016,MURCIA2015,"29,171","1,334",959,,19.7825,-4.8325
MURCIA,2017,MURCIA2017,MURCIA2016,"30,344","1,388","1,173",,18.0325,-1.75
NACIONAL,1980,NACIONAL1980,NACIONAL1979,"91,161",100,0,0.00109696,11.415,0
NACIONAL,1981,NACIONAL1981,NACIONAL1980,"102,441",112,"11,280",,14.03,2.615
NACIONAL,1982,NACIONAL1982,NACIONAL1981,"118,535",130,"16,094",,15.845,1.815
NACIONAL,1983,NACIONAL1983,NACIONAL1982,"135,419",149,"16,884",,17.3275,1.4825
NACIONAL,1984,NACIONAL1984,NACIONAL1983,"153,376",168,"17,957",,20.08,2.7525
NACIONAL,1985,NACIONAL1985,NACIONAL1984,"169,491",186,"16,115",,21.4525,1.3725
NACIONAL,1986,NACIONAL1986,NACIONAL1985,"194,271",213,"24,780",,20.975,-0.4775
NACIONAL,1987,NACIONAL1987,NACIONAL1986,"217,230",238,"22,959",,20.2225,-0.7525
NACIONAL,1988,NACIONAL1988,NACIONAL1987,"241,359",265,"24,129",,19.2375,-0.985
NACIONAL,1989,NACIONAL1989,NACIONAL1988,"270,721",297,"29,362",,17.24,-1.9975
NACIONAL,1990,NACIONAL1990,NACIONAL1989,"301,379",331,"30,658",,16.2375,-1.0025
NACIONAL,1991,NACIONAL1991,NACIONAL1990,"330,120",362,"28,741",,16.3125,0.075
NACIONAL,1992,NACIONAL1992,NACIONAL1991,"355,228",390,"25,108",,18.3525,2.04
NACIONAL,1993,NACIONAL1993,NACIONAL1992,"366,332",402,"11,104",,22.64,4.2875
NACIONAL,1994,NACIONAL1994,NACIONAL1993,"389,525",427,"23,193",,24.1175,1.4775
NACIONAL,1995,NACIONAL1995,NACIONAL1994,"419,387",460,"29,862",,22.9,-1.2175
NACIONAL,1996,NACIONAL1996,NACIONAL1995,"443,206",486,"23,819",,22.08,-0.82
NACIONAL,1997,NACIONAL1997,NACIONAL1996,"468,168",514,"24,962",,20.61,-1.47
NACIONAL,1998,NACIONAL1998,NACIONAL1997,"554,042",608,"85,874",,18.605,-2.005
NACIONAL,1999,NACIONAL1999,NACIONAL1998,"594,316",652,"40,274",,15.64,-2.965
NACIONAL,2000,NACIONAL2000,NACIONAL1999,"646,250",709,"51,934",,13.8725,-1.7675
NACIONAL,2001,NACIONAL2001,NACIONAL2000,"699,528",767,"53,278",,10.5525,-3.32
NACIONAL,2002,NACIONAL2002,NACIONAL2001,"749,288",822,"49,760",,11.4625,0.91
NACIONAL,2003,NACIONAL2003,NACIONAL2002,"803,472",881,"54,184",,11.485,0.0225
NACIONAL,2004,NACIONAL2004,NACIONAL2003,"861,420",945,"57,948",,10.965,-0.52
NACIONAL,2005,NACIONAL2005,NACIONAL2004,"930,566","1,021","69,146",,9.1525,-1.8125
NACIONAL,2006,NACIONAL2006,NACIONAL2005,"1,007,974","1,106","77,408",,8.4525,-0.7
NACIONAL,2007,NACIONAL2007,NACIONAL2006,"1,080,807","1,186","72,833",,8.2325,-0.22
NACIONAL,2008,NACIONAL2008,NACIONAL2007,"1,116,225","1,224","35,418",,11.245,3.0125
NACIONAL,2009,NACIONAL2009,NACIONAL2008,"1,079,052","1,184","-37,173",,17.855,6.61
NACIONAL,2010,NACIONAL2010,NACIONAL2009,"1,080,935","1,186","1,883",,19.8575,2.0025
NACIONAL,2011,NACIONAL2011,NACIONAL2010,"1,070,449","1,174","-10,486",,21.39,1.5325
NACIONAL,2012,NACIONAL2012,NACIONAL2011,"1,039,815","1,141","-30,634",,24.7875,3.3975
NACIONAL,2013,NACIONAL2013,NACIONAL2012,"1,025,693","1,125","-14,122",,26.095,1.3075
NACIONAL,2014,NACIONAL2014,NACIONAL2013,"1,037,820","1,138","12,127",,24.4425,-1.6525
NACIONAL,2015,NACIONAL2015,NACIONAL2014,"1,081,165","1,186","43,345",,22.0575,-2.385
NACIONAL,2016,NACIONAL2016,NACIONAL2015,"1,118,743","1,227","37,578",,19.635,-2.4225
NACIONAL,2017,NACIONAL2017,NACIONAL2016,"1,166,319","1,279","47,576",,17.225,-2.41
NAVARRA,1980,NAVARRA1980,NAVARRA1979,"1,581",100,0,0.063251107,11.87,0
NAVARRA,1981,NAVARRA1981,NAVARRA1980,"1,826",115,245,,13.03,1.16
NAVARRA,1982,NAVARRA1982,NAVARRA1981,"2,054",130,228,,13.38,0.35
NAVARRA,1983,NAVARRA1983,NAVARRA1982,"2,291",145,237,,15.5175,2.1375
NAVARRA,1984,NAVARRA1984,NAVARRA1983,"2,548",161,257,,16.23,0.7125
NAVARRA,1985,NAVARRA1985,NAVARRA1984,"2,784",176,236,,18.7375,2.5075
NAVARRA,1986,NAVARRA1986,NAVARRA1985,"3,174",201,390,,18.0975,-0.64
NAVARRA,1987,NAVARRA1987,NAVARRA1986,"3,700",234,526,,16.42,-1.6775
NAVARRA,1988,NAVARRA1988,NAVARRA1987,"3,996",253,296,,14.4075,-2.0125
NAVARRA,1989,NAVARRA1989,NAVARRA1988,"4,653",294,657,,12.595,-1.8125
NAVARRA,1990,NAVARRA1990,NAVARRA1989,"4,984",315,331,,11.6575,-0.9375
NAVARRA,1991,NAVARRA1991,NAVARRA1990,"5,461",345,477,,10.6475,-1.01
NAVARRA,1992,NAVARRA1992,NAVARRA1991,"5,842",370,381,,11.4725,0.825
NAVARRA,1993,NAVARRA1993,NAVARRA1992,"5,931",375,89,,14.1325,2.66
NAVARRA,1994,NAVARRA1994,NAVARRA1993,"6,301",399,370,,14.62,0.4875
NAVARRA,1995,NAVARRA1995,NAVARRA1994,"6,849",433,548,,13.1425,-1.4775
NAVARRA,1996,NAVARRA1996,NAVARRA1995,"7,214",456,365,,11.7,-1.4425
NAVARRA,1997,NAVARRA1997,NAVARRA1996,"8,757",554,"1,543",,10.13,-1.57
NAVARRA,1998,NAVARRA1998,NAVARRA1997,"9,319",589,562,,10.085,-0.045
NAVARRA,1999,NAVARRA1999,NAVARRA1998,"9,977",631,658,,8.195,-1.89
NAVARRA,2000,NAVARRA2000,NAVARRA1999,"10,933",692,956,,5.645,-2.55
NAVARRA,2001,NAVARRA2001,NAVARRA2000,"11,643",736,710,,4.85,-0.795
NAVARRA,2002,NAVARRA2002,NAVARRA2001,"12,458",788,815,,5.77375,0.92375
NAVARRA,2003,NAVARRA2003,NAVARRA2002,"13,307",842,849,,5.7975,0.02375
NAVARRA,2004,NAVARRA2004,NAVARRA2003,"14,266",902,959,,5.5725,-0.225
NAVARRA,2005,NAVARRA2005,NAVARRA2004,"15,391",973,"1,125",,5.655,0.0825
NAVARRA,2006,NAVARRA2006,NAVARRA2005,"16,576","1,048","1,185",,5.375,-0.28
NAVARRA,2007,NAVARRA2007,NAVARRA2006,"17,732","1,122","1,156",,4.72,-0.655
NAVARRA,2008,NAVARRA2008,NAVARRA2007,"18,481","1,169",749,,6.83,2.11
NAVARRA,2009,NAVARRA2009,NAVARRA2008,"18,183","1,150",-298,,10.8325,4.0025
NAVARRA,2010,NAVARRA2010,NAVARRA2009,"18,257","1,155",74,,11.9025,1.07
NAVARRA,2011,NAVARRA2011,NAVARRA2010,"18,221","1,152",-36,,12.9875,1.085
NAVARRA,2012,NAVARRA2012,NAVARRA2011,"17,573","1,112",-648,,16.1625,3.175
NAVARRA,2013,NAVARRA2013,NAVARRA2012,"17,481","1,106",-92,,17.93,1.7675
NAVARRA,2014,NAVARRA2014,NAVARRA2013,"17,836","1,128",355,,15.71,-2.22
NAVARRA,2015,NAVARRA2015,NAVARRA2014,"18,564","1,174",728,,13.8275,-1.8825
NAVARRA,2016,NAVARRA2016,NAVARRA2015,"19,152","1,211",588,,12.485,-1.3425
NAVARRA,2017,NAVARRA2017,NAVARRA2016,"19,827","1,254",675,,10.2375,-2.2475
RIOJA,1980,RIOJA1980,RIOJA1979,711,100,0,0.140646976,5.1975,0
RIOJA,1981,RIOJA1981,RIOJA1980,817,115,106,,7.4525,2.255
RIOJA,1982,RIOJA1982,RIOJA1981,950,134,133,,10.995,3.5425
RIOJA,1983,RIOJA1983,RIOJA1982,"1,120",158,170,,11.26,0.265
RIOJA,1984,RIOJA1984,RIOJA1983,"1,264",178,144,,13.8225,2.5625
RIOJA,1985,RIOJA1985,RIOJA1984,"1,518",214,254,,17.4775,3.655
RIOJA,1986,RIOJA1986,RIOJA1985,"1,545",217,27,,15.94,-1.5375
RIOJA,1987,RIOJA1987,RIOJA1986,"1,644",231,99,,13.3675,-2.5725
RIOJA,1988,RIOJA1988,RIOJA1987,"1,827",257,183,,13.3675,0
RIOJA,1989,RIOJA1989,RIOJA1988,"2,034",286,207,,9.9075,-3.46
RIOJA,1990,RIOJA1990,RIOJA1989,"2,273",320,239,,8.33,-1.5775
RIOJA,1991,RIOJA1991,RIOJA1990,"2,495",351,222,,9.695,1.365
RIOJA,1992,RIOJA1992,RIOJA1991,"2,689",378,194,,13.5325,3.8375
RIOJA,1993,RIOJA1993,RIOJA1992,"2,760",388,71,,14.49,0.9575
RIOJA,1994,RIOJA1994,RIOJA1993,"2,958",416,198,,16.97,2.48
RIOJA,1995,RIOJA1995,RIOJA1994,"3,146",442,188,,16.0925,-0.8775
RIOJA,1996,RIOJA1996,RIOJA1995,"3,300",464,154,,14.1,-1.9925
RIOJA,1997,RIOJA1997,RIOJA1996,"3,856",542,556,,11.5525,-2.5475
RIOJA,1998,RIOJA1998,RIOJA1997,"4,117",579,261,,11.245,-0.3075
RIOJA,1999,RIOJA1999,RIOJA1998,"4,396",618,279,,8.125,-3.12
RIOJA,2000,RIOJA2000,RIOJA1999,"4,800",675,404,,8.0275,-0.0975
RIOJA,2001,RIOJA2001,RIOJA2000,"5,121",720,321,,4.52,-3.5075
RIOJA,2002,RIOJA2002,RIOJA2001,"5,417",762,296,,7.03625,2.51625
RIOJA,2003,RIOJA2003,RIOJA2002,"5,867",825,450,,6.0325,-1.00375
RIOJA,2004,RIOJA2004,RIOJA2003,"6,224",875,357,,5.9475,-0.085
RIOJA,2005,RIOJA2005,RIOJA2004,"6,695",942,471,,6.375,0.4275
RIOJA,2006,RIOJA2006,RIOJA2005,"7,247","1,019",552,,6.1125,-0.2625
RIOJA,2007,RIOJA2007,RIOJA2006,"7,763","1,092",516,,5.7675,-0.345
RIOJA,2008,RIOJA2008,RIOJA2007,"8,037","1,130",274,,7.8925,2.125
RIOJA,2009,RIOJA2009,RIOJA2008,"7,843","1,103",-194,,12.6475,4.755
RIOJA,2010,RIOJA2010,RIOJA2009,"8,014","1,127",171,,14.145,1.4975
RIOJA,2011,RIOJA2011,RIOJA2010,"7,913","1,113",-101,,17.2075,3.0625
RIOJA,2012,RIOJA2012,RIOJA2011,"7,655","1,077",-258,,20.5675,3.36
RIOJA,2013,RIOJA2013,RIOJA2012,"7,517","1,057",-138,,20.035,-0.5325
RIOJA,2014,RIOJA2014,RIOJA2013,"7,647","1,076",130,,18.16,-1.875
RIOJA,2015,RIOJA2015,RIOJA2014,"7,856","1,105",209,,15.3825,-2.7775
RIOJA,2016,RIOJA2016,RIOJA2015,"7,915","1,113",59,,13.535,-1.8475
RIOJA,2017,RIOJA2017,RIOJA2016,"8,137","1,144",222,,11.9925,-1.5425
VALENCIA,1980,VALENCIA1980,VALENCIA1979,"9,084",100,0,0.011008366,9.71,0
VALENCIA,1981,VALENCIA1981,VALENCIA1980,"10,485",115,"1,401",,13.3325,3.6225
VALENCIA,1982,VALENCIA1982,VALENCIA1981,"11,770",130,"1,285",,16.765,3.4325
VALENCIA,1983,VALENCIA1983,VALENCIA1982,"13,583",150,"1,813",,17.2675,0.5025
VALENCIA,1984,VALENCIA1984,VALENCIA1983,"15,535",171,"1,952",,19.49,2.2225
VALENCIA,1985,VALENCIA1985,VALENCIA1984,"17,229",190,"1,694",,20.795,1.305
VALENCIA,1986,VALENCIA1986,VALENCIA1985,"19,212",211,"1,983",,19.535,-1.26
VALENCIA,1987,VALENCIA1987,VALENCIA1986,"21,472",236,"2,260",,18.9375,-0.5975
VALENCIA,1988,VALENCIA1988,VALENCIA1987,"23,690",261,"2,218",,17.1375,-1.8
VALENCIA,1989,VALENCIA1989,VALENCIA1988,"26,592",293,"2,902",,15.4625,-1.675
VALENCIA,1990,VALENCIA1990,VALENCIA1989,"29,754",328,"3,162",,14.255,-1.2075
VALENCIA,1991,VALENCIA1991,VALENCIA1990,"32,662",360,"2,908",,15.6275,1.3725
VALENCIA,1992,VALENCIA1992,VALENCIA1991,"34,966",385,"2,304",,19.1,3.4725
VALENCIA,1993,VALENCIA1993,VALENCIA1992,"35,965",396,999,,23.5725,4.4725
VALENCIA,1994,VALENCIA1994,VALENCIA1993,"37,915",417,"1,950",,24.5925,1.02
VALENCIA,1995,VALENCIA1995,VALENCIA1994,"40,342",444,"2,427",,22.4825,-2.11
VALENCIA,1996,VALENCIA1996,VALENCIA1995,"42,304",466,"1,962",,21.62,-0.8625
VALENCIA,1997,VALENCIA1997,VALENCIA1996,"48,191",531,"5,887",,19.8875,-1.7325
VALENCIA,1998,VALENCIA1998,VALENCIA1997,"52,007",573,"3,816",,16.4675,-3.42
VALENCIA,1999,VALENCIA1999,VALENCIA1998,"55,905",615,"3,898",,13.7125,-2.755
VALENCIA,2000,VALENCIA2000,VALENCIA1999,"60,985",671,"5,080",,11.595,-2.1175
VALENCIA,2001,VALENCIA2001,VALENCIA2000,"66,477",732,"5,492",,9.4375,-2.1575
VALENCIA,2002,VALENCIA2002,VALENCIA2001,"71,280",785,"4,803",,10.7925,1.355
VALENCIA,2003,VALENCIA2003,VALENCIA2002,"76,243",839,"4,963",,11.2425,0.45
VALENCIA,2004,VALENCIA2004,VALENCIA2003,"81,873",901,"5,630",,10.4575,-0.785
VALENCIA,2005,VALENCIA2005,VALENCIA2004,"88,452",974,"6,579",,8.88,-1.5775
VALENCIA,2006,VALENCIA2006,VALENCIA2005,"96,040","1,057","7,588",,8.335,-0.545
VALENCIA,2007,VALENCIA2007,VALENCIA2006,"102,478","1,128","6,438",,8.735,0.4
VALENCIA,2008,VALENCIA2008,VALENCIA2007,"105,834","1,165","3,356",,11.9775,3.2425
VALENCIA,2009,VALENCIA2009,VALENCIA2008,"101,793","1,121","-4,041",,20.7625,8.785
VALENCIA,2010,VALENCIA2010,VALENCIA2009,"102,329","1,126",536,,22.8575,2.095
VALENCIA,2011,VALENCIA2011,VALENCIA2010,"100,665","1,108","-1,664",,23.985,1.1275
VALENCIA,2012,VALENCIA2012,VALENCIA2011,"96,428","1,062","-4,237",,27.19,3.205
VALENCIA,2013,VALENCIA2013,VALENCIA2012,"95,247","1,049","-1,181",,28.05,0.86
VALENCIA,2014,VALENCIA2014,VALENCIA2013,"97,310","1,071","2,063",,25.8125,-2.2375
VALENCIA,2015,VALENCIA2015,VALENCIA2014,"100,775","1,109","3,465",,22.78,-3.0325
VALENCIA,2016,VALENCIA2016,VALENCIA2015,"104,632","1,152","3,857",,20.615,-2.165
VALENCIA,2017,VALENCIA2017,VALENCIA2016,"108,781","1,198","4,149",,18.1775,-2.4375
