FECHA,CCAA,YEAR,MONTH,SIGLAS,CANDIDATURA,VOTOS,PORCENTAJE_VALIDOS,PORCENTAJE_CENSO,PORCENTAJE_CANDIDATURAS
1977_06,NACIONAL,1977,6,UCD,UNION DE CENTRO DEMOCRATICO,"6,310,391",0.3444,0.2676,0.3452
1977_06,NACIONAL,1977,6,PSOE,PARTIDO SOCIALISTA OBRERO ESPAÑOL,"5,371,866",0.2932,0.2278,0.2939
1977_06,NACIONAL,1977,6,PCE,PARTIDO COMUNISTA DE ESPAÑA,"1,709,890",0.0933,0.0725,0.0935
1977_06,NACIONAL,1977,6,AP,FEDERACION DE PARTIDOS DE ALIANZA POPULAR,"1,504,771",0.0821,0.0638,0.0823
1977_06,NACIONAL,1977,6,PSP-US,PARTIDO SOCIALISTA POPULAR - UNIDAD SOCIALISTA,"816,582",0.0446,0.0346,0.0447
1977_06,NACIONAL,1977,6,PDPC,COALICION ELECT.PACTE DEMOCRATIC PER CATALUNYA,"514,647",0.0281,0.0218,0.0282
1977_06,NACIONAL,1977,6,PNV,EUZKO ALDERDI JELTZALEA-PARTIDO NACIONALISTA VASCO,"296,193",0.0162,0.0126,0.0162
1977_06,NACIONAL,1977,6,FDC-EDC,COALICION ELECT. EQUIPO DE LA DEMOCRACIA CRISTIANA,"215,841",0.0118,0.0092,0.0118
1977_06,NACIONAL,1977,6,UDC-IDCC,UNIO DEL CENTRE I LA DEM. CRISTIANA DE CATALUNYA,"172,791",0.0094,0.0073,0.0095
1977_06,NACIONAL,1977,6,EC-FED,COALICION ELECTORAL ESQUERRA DE CATALUÑA,"143,954",0.0079,0.0061,0.0079
1977_06,NACIONAL,1977,6,FDI,FRENTE DEMOCRATICO DE IZQUIERDAS,"122,608",0.0067,0.0052,0.0067
1977_06,NACIONAL,1977,6,ASDCI,ALIANZA SOCIALISTA DEMOCRATICA,"101,916",0.0056,0.0043,0.0056
1977_06,NACIONAL,1977,6,AET,AGRUPACION ELECTORAL DE TRABAJADORES,"77,575",0.0042,0.0033,0.0042
1977_06,NACIONAL,1977,6,AN18,ALIANZA NACIONAL 18 DE JULIO,"67,336",0.0037,0.0029,0.0037
1977_06,NACIONAL,1977,6,RSE,REFORMA SOCIAL ESPAÑOLA,"64,241",0.0035,0.0027,0.0035
1977_06,NACIONAL,1977,6,EE,EUSKADIKO EZKERRA,"61,417",0.0034,0.0026,0.0034
1977_06,NACIONAL,1977,6,FJONSA,FALANGE ESPAÑOLA DE LAS JONS AUTENTICA,"46,548",0.0025,0.002,0.0025
1977_06,NACIONAL,1977,6,FUT,FRENTE UNIDAD DE LOS TRABAJADORES,"41,208",0.0022,0.0017,0.0023
1977_06,NACIONAL,1977,6,CAIC,CANDIDATURA ARAGONESA INDEPENDIENTE DE CENTRO,"37,183",0.002,0.0016,0.002
1977_06,NACIONAL,1977,6,ESB,PARTIDO SOCIALISTA VASCO,"36,002",0.002,0.0015,0.002
1977_06,NACIONAL,1977,6,PSPV,PARTIDO SOCIALISTA DEL PAIS VALENCIA,"31,138",0.0017,0.0013,0.0017
1977_06,NACIONAL,1977,6,INDEP,CANDIDATURA INDEPENDIENTE DE CENTRO,"29,834",0.0016,0.0013,0.0016
1977_06,NACIONAL,1977,6,PSG,PARTIDO SOCIALISTA GALEGO,"27,197",0.0015,0.0012,0.0015
1977_06,NACIONAL,1977,6,DCV,DEMOCRACIA CRISTIANA VASCA,"26,100",0.0014,0.0011,0.0014
1977_06,NACIONAL,1977,6,FJONS,FALANGE ESPAÑOLA DE LAS JONS,"25,017",0.0014,0.0011,0.0014
1977_06,NACIONAL,1977,6,UNAI,UNION NAVARRA DE IZQUIERDA,"24,489",0.0013,0.001,0.0013
1977_06,NACIONAL,1977,6,BNPG,BLOQUE NACIONAL POPULAR GALLEGO,"22,771",0.0012,0.001,0.0012
1977_06,NACIONAL,1977,6,AFN,ALIANZA FORAL NAVARRA,"21,900",0.0012,0.0009,0.0012
1977_06,NACIONAL,1977,6,URA,UNIDAD REGIONAL ANDALUZA,"21,350",0.0012,0.0009,0.0012
1977_06,NACIONAL,1977,6,PSOE-H,P. SOCIALISTA OBRERO ESPAÑOL(SECTOR HISTORICO),"21,242",0.0012,0.0009,0.0012
1977_06,NACIONAL,1977,6,LLIGA,LLIGA DE CATALUNYA PARTIT LIBERAL CATALA,"20,109",0.0011,0.0009,0.0011
1977_06,NACIONAL,1977,6,ANEPA-CP,ASOC.NAL. PARA EL ESTUDIO DE PROBLEMAS ACTUALES,"18,113",0.001,0.0008,0.001
1977_06,NACIONAL,1977,6,UAN,UNION AUTONOMISTA DE NAVARRA,"18,079",0.001,0.0008,0.001
1977_06,NACIONAL,1977,6,PCU,PUEBLO CANARIO UNIDO,"17,717",0.001,0.0008,0.001
1977_06,NACIONAL,1977,6,DIV,DEMOCRATAS INDEPENDIENTES VASCOS,"15,505",0.0008,0.0007,0.0008
1977_06,NACIONAL,1977,6,CUPS,UNITAT POPULAR PER SOCIALISME,"12,040",0.0007,0.0005,0.0007
1977_06,NACIONAL,1977,6,UAB,UNIO AUTONOMISTA,"11,914",0.0007,0.0005,0.0007
1977_06,NACIONAL,1977,6,CCIA,CENTRO IZQUIERDA DE ALBACETE,"11,879",0.0006,0.0005,0.0006
1977_06,NACIONAL,1977,6,URAS,UNIDAD REGIONALISTA,"10,821",0.0006,0.0005,0.0006
1977_06,NACIONAL,1977,6,FNI,FRENTE NAVARRO INDEPENDIENTE,"10,606",0.0006,0.0004,0.0006
1977_06,NACIONAL,1977,6,PPCAN,PARTIDO POPULAR CANARIO,"9,650",0.0005,0.0004,0.0005
1977_06,NACIONAL,1977,6,DSCC,DEMOCRACIA SOCIAL CRISTIANA DE CATALUÑA,"9,157",0.0005,0.0004,0.0005
1977_06,NACIONAL,1977,6,MS,MOVIMIENTO SOCIALISTA,"8,741",0.0005,0.0004,0.0005
1977_06,NACIONAL,1977,6,MFA,MONTEJURRA-FEDERALISMO-AUTOGESTION,"8,461",0.0005,0.0004,0.0005
1977_06,NACIONAL,1977,6,ASA,AGRUP.ELEC. Y PART.INDEP. ACCION SOCIAL AGRARIA,"8,439",0.0005,0.0004,0.0005
1977_06,NACIONAL,1977,6,CJA,ASOCIACION CIRCULOS JOSE ANTONIO,"8,184",0.0004,0.0003,0.0004
1977_06,NACIONAL,1977,6,INDEP,CANDIDATURA INDEPENDIENTE,"6,472",0.0004,0.0003,0.0004
1977_06,NACIONAL,1977,6,ANV,ACCION NACIONALISTA VASCA,"6,435",0.0004,0.0003,0.0004
1977_06,NACIONAL,1977,6,INDEP,CANDIDATURA INDEP. AL CONGRESO PER PROV. GIRONA,"6,411",0.0003,0.0003,0.0004
1977_06,NACIONAL,1977,6,INDEP,INDEPENDIENTE,"6,158",0.0003,0.0003,0.0003
1977_06,NACIONAL,1977,6,DCAR,DEMOCRACIA CRISTIANA ARAGONESA,"6,014",0.0003,0.0003,0.0003
1977_06,NACIONAL,1977,6,INDEP,CANDIDATURA RIOJANA INDEPENDIENTE,"5,682",0.0003,0.0002,0.0003
1977_06,NACIONAL,1977,6,FN,ASOCIACION POLITICA FUERZA NUEVA,"5,541",0.0003,0.0002,0.0003
1977_06,NACIONAL,1977,6,CUP,UNIDAD POPULAR,"5,206",0.0003,0.0002,0.0003
1977_06,NACIONAL,1977,6,PSCAN,PARTIDO SOCIALISTA DE CANARIAS,"5,110",0.0003,0.0002,0.0003
1977_06,NACIONAL,1977,6,PIM,PARTIDO INDEPENDIENTE DE MADRID,"4,814",0.0003,0.0002,0.0003
1977_06,NACIONAL,1977,6,FAA,FRENTE AUTONOMISTA ARAGONES,"4,791",0.0003,0.0002,0.0003
1977_06,NACIONAL,1977,6,PPROV,PARTIDO PROVERISTA,"4,590",0.0003,0.0002,0.0003
1977_06,NACIONAL,1977,6,INDEP,INDEPENDIENTE,"4,530",0.0002,0.0002,0.0002
1977_06,NACIONAL,1977,6,ICU,IZQUIERDA CANARIA UNIDA,"4,118",0.0002,0.0002,0.0002
1977_06,NACIONAL,1977,6,PSDE,PARTIDO SOCIALISTA DEMOCRATICO ESPAÑOL,"3,786",0.0002,0.0002,0.0002
1977_06,NACIONAL,1977,6,PDG,PARTIDO DEMOCRATA GALLEGO,"3,196",0.0002,0.0001,0.0002
1977_06,NACIONAL,1977,6,UDIB,UNION DEMOCRATA DE LAS ISLAS BALEARES,"2,946",0.0002,0.0001,0.0002
1977_06,NACIONAL,1977,6,INDEP,CANDIDATURA INDEPENDIENTE,"2,737",0.0001,0.0001,0.0001
1977_06,NACIONAL,1977,6,FL,FEDERACION LABORISTA,"2,631",0.0001,0.0001,0.0001
1977_06,NACIONAL,1977,6,INDEP,INDEPENDIENTE,"2,622",0.0001,0.0001,0.0001
1977_06,NACIONAL,1977,6,INDEP,AGRUPACION RIOJANA INDEPENDIENTE,"2,399",0.0001,0.0001,0.0001
1977_06,NACIONAL,1977,6,INDEP,INDEPENDIENTE,"2,347",0.0001,0.0001,0.0001
1977_06,NACIONAL,1977,6,PRSV,PARTIDO RADICAL SOCIALISTA DE VALENCIA,"2,345",0.0001,0.0001,0.0001
1977_06,NACIONAL,1977,6,INDEP,ELECTORS CARLINS DEL PAIS VALENCIA,"2,252",0.0001,0.0001,0.0001
1977_06,NACIONAL,1977,6,INDEP,CANDIDATURA INDEPENDIENTE,"1,684",0.0001,0.0001,0.0001
1977_06,NACIONAL,1977,6,AEICYU,AGRUPACION ELECTORAL INDEP. DEL CAMPO Y LA CIUDAD,"1,623",0.0001,0.0001,0.0001
1977_06,NACIONAL,1977,6,CUIR,CANDIDATURA UNITARIA DE LA IZQUIERDA REGIONALISTA,"1,504",0.0001,0.0001,0.0001
1977_06,NACIONAL,1977,6,CIPYE,CANDIDATOS INDEP. DE LA PEQUEÑA Y MEDIANA EMPRESA,"1,480",0.0001,0.0001,0.0001
1977_06,NACIONAL,1977,6,ADEC,ASOCIACION DE ELECTORES DE CEUTA,"1,099",0.0001,0,0.0001
1977_06,NACIONAL,1977,6,ADC,AGRUPACION DE ELECTORES CARLISTAS,938,0.0001,0,0.0001
1977_06,NACIONAL,1977,6,FEI,FALANGE ESPAÑOLA INDEPENDIENTE,855,0,0,0
1977_06,NACIONAL,1977,6,PAE,PARTIDO AGRARIO ESPAÑOL,833,0,0,0
1977_06,NACIONAL,1977,6,PLI,PARTIDO LIBERAL INDEPENDIENTE,805,0,0,0
1977_06,NACIONAL,1977,6,INDEP,INDEPENDIENTE,492,0,0,0
1977_06,NACIONAL,1977,6,BAI,BLOQUE ANDALUZ DE IZQUIERDA,226,0,0,0
1977_06,NACIONAL,1977,6,CAI,CANDIDATURA ANDALUZA DE IZQUIERDA,0,0,0,0
1979_07,NACIONAL,1979,7,UCD,UNION DE CENTRO DEMOCRATICO,"6,268,593",0.3484,0.2336,0.3495
1979_07,NACIONAL,1979,7,PSOE,PARTIDO SOCIALISTA OBRERO ESPAÑOL,"5,469,813",0.304,0.2038,0.305
1979_07,NACIONAL,1979,7,PCE,PARTIDO COMUNISTA DE ESPAÑA,"1,938,487",0.1077,0.0722,0.1081
1979_07,NACIONAL,1979,7,CD,COALICION DEMOCRATICA,"1,060,330",0.0589,0.0395,0.0591
1979_07,NACIONAL,1979,7,CIU,COALICION CONVERGENCIA Y UNIO,"483,353",0.0269,0.018,0.027
1979_07,NACIONAL,1979,7,UN,PARTIDO UNION NACIONAL,"378,964",0.0211,0.0141,0.0211
1979_07,NACIONAL,1979,7,PSA-PA,PARTIDO ANDALUCISTA,"325,842",0.0181,0.0121,0.0182
1979_07,NACIONAL,1979,7,PNV,EUZKO ALDERDI JELTZALEA-PARTIDO NACIONALISTA VASCO,"296,597",0.0165,0.0111,0.0165
1979_07,NACIONAL,1979,7,PTE,PARTIDO DEL TRABAJO DE ESPAÑA,"192,798",0.0107,0.0072,0.0108
1979_07,NACIONAL,1979,7,HB,HERRI BATASUNA,"172,110",0.0096,0.0064,0.0096
1979_07,NACIONAL,1979,7,PSOE-H,PART. SOCIALISTA OBRERO ESPAÑOL(SECTOR HISTORICO),"133,869",0.0074,0.005,0.0075
1979_07,NACIONAL,1979,7,ORT,ORGANIZACION REVOLUCIONARIA DE LOS TRABAJADORES,"127,517",0.0071,0.0048,0.0071
1979_07,NACIONAL,1979,7,ERFN,ESQUERRA REPUBLICANA DE CATALUNYA - FRONT NACIONAL,"123,452",0.0069,0.0046,0.0069
1979_07,NACIONAL,1979,7,EE,EUSKADIKO EZKERRA,"85,677",0.0048,0.0032,0.0048
1979_07,NACIONAL,1979,7,MC-OIC,MOVIMIENTO COMUNISTA-ORGANIZ.IZQUIERDA COMUNISTA,"84,856",0.0047,0.0032,0.0047
1979_07,NACIONAL,1979,7,BNPG,BLOQUE NACIONAL POPULAR GALLEGO,"60,889",0.0034,0.0023,0.0034
1979_07,NACIONAL,1979,7,C-UPC,UNION DEL PUEBLO CANARIO,"58,953",0.0033,0.0022,0.0033
1979_07,NACIONAL,1979,7,BEAN,BLOC D'ESQUERRAD'ALLIBERAMENT NACIONAL,"56,582",0.0031,0.0021,0.0032
1979_07,NACIONAL,1979,7,PG-POG-PSG,UNIDADE GALEGA,"55,555",0.0031,0.0021,0.0031
1979_07,NACIONAL,1979,7,IR,IZQUIERDA REPUBLICANA,"55,384",0.0031,0.0021,0.0031
1979_07,NACIONAL,1979,7,PCARL,PARTIDO CARLISTA,"50,552",0.0028,0.0019,0.0028
1979_07,NACIONAL,1979,7,OCEBR-UCE,ORGANIZ. COMUNISTA DE ESPAÑA B.R.-UNIF.COMUNISTA,"47,937",0.0027,0.0018,0.0027
1979_07,NACIONAL,1979,7,PCT,PARTIDO COMUNISTA DE LOS TRABAJADORES,"47,896",0.0027,0.0018,0.0027
1979_07,NACIONAL,1979,7,PAR,PARTIDO ARAGONES REGIONALISTA,"38,042",0.0021,0.0014,0.0021
1979_07,NACIONAL,1979,7,LCR,LIGA COMUNISTA REVOLUCIONARIA,"36,662",0.002,0.0014,0.002
1979_07,NACIONAL,1979,7,UFV,UNION FORAL PAIS VASCO,"34,108",0.0019,0.0013,0.0019
1979_07,NACIONAL,1979,7,FJONSA,FALANGE ESPAÑOLA DE LAS JONS AUTENTICA,"30,252",0.0017,0.0011,0.0017
1979_07,NACIONAL,1979,7,UPN,UNION DEL PUEBLO NAVARRO,"28,248",0.0016,0.0011,0.0016
1979_07,NACIONAL,1979,7,PSAR - PSDA,COALICION POR ARAGON,"19,220",0.0011,0.0007,0.0011
1979_07,NACIONAL,1979,7,PANCAL,PARTIDO NACIONALISTA DE CASTILLA Y LEON,"16,016",0.0009,0.0006,0.0009
1979_07,NACIONAL,1979,7,PLIB,PARTIDO LIBERAL,"15,774",0.0009,0.0006,0.0009
1979_07,NACIONAL,1979,7,URV,UNIO REGIONAL VALENCIANISTA,"15,694",0.0009,0.0006,0.0009
1979_07,NACIONAL,1979,7,PNPV,PARTIT NACIONALISTA DEL PAIS VALENCIA,"13,828",0.0008,0.0005,0.0008
1979_07,NACIONAL,1979,7,UNAI,UNION NAVARRA DE IZQUIERDA,"10,970",0.0006,0.0004,0.0006
1979_07,NACIONAL,1979,7,PRE,PARTIDO RURALISTA ESPAÑOL,"10,324",0.0006,0.0004,0.0006
1979_07,NACIONAL,1979,7,PDPCAN,PARTIDO DEL PAIS CANARIO,"10,099",0.0006,0.0004,0.0006
1979_07,NACIONAL,1979,7,SMIM,SOCIALISTAS DE MALLORCA I MENORCA,"10,022",0.0006,0.0004,0.0006
1979_07,NACIONAL,1979,7,PSIN,PARTIDO SINDICALISTA,"9,777",0.0005,0.0004,0.0005
1979_07,NACIONAL,1979,7,ULE,UNION PARA LA LIBERTAD DE EXPRESION,"7,126",0.0004,0.0003,0.0004
1979_07,NACIONAL,1979,7,E CATALA,ESTAT CATALA,"6,328",0.0004,0.0002,0.0004
1979_07,NACIONAL,1979,7,P-CANT,PARTIDO CANTONAL,"6,290",0.0003,0.0002,0.0004
1979_07,NACIONAL,1979,7,CIC,CANDIDATURA INDEPENDIENTE DEL CAMPO,"6,115",0.0003,0.0002,0.0003
1979_07,NACIONAL,1979,7,DSCC,DEMOCRACIAL SOCIAL CRISTIANA DE CATALUÑA,"4,976",0.0003,0.0002,0.0003
1979_07,NACIONAL,1979,7,PPROV,PARTIDO PROVERISTA,"4,939",0.0003,0.0002,0.0003
1979_07,NACIONAL,1979,7,ARDE,ACCION REPUBLICANA DEMOCRATICA ESPAÑOLA,"4,826",0.0003,0.0002,0.0003
1979_07,NACIONAL,1979,7,LC,LIGA COMUNISTA,"3,614",0.0002,0.0001,0.0002
1979_07,NACIONAL,1979,7,CNA,CONCEYU NACIONALISTA ASTUR,"3,049",0.0002,0.0001,0.0002
1979_07,NACIONAL,1979,7,FEA,FALANGE ESPAÑOLA AUTENTICA,"2,736",0.0002,0.0001,0.0002
1979_07,NACIONAL,1979,7,PIPPA,PARTIDO INDEPENDIENTE PRO POLITICA AUSTERA,"2,409",0.0001,0.0001,0.0001
1979_07,NACIONAL,1979,7,POC,PARTIDO OBRERO Y CAMPESINO,"2,314",0.0001,0.0001,0.0001
1979_07,NACIONAL,1979,7,CIME,CANDIDATOS INDEPENDIENTES,"1,820",0.0001,0.0001,0.0001
1979_07,NACIONAL,1979,7,UF-FI-AT,FALANGE ESPAÑOLA INDEPENDIENTE-UNIDAD FALANGISTA,"1,188",0.0001,0,0.0001
1979_07,NACIONAL,1979,7,FE-UF,FALANGE ESPAÑOLA - UNIDAD FALANGISTA,876,0,0,0
1982_10,NACIONAL,1982,10,PSOE,PARTIDO SOCIALISTA OBRERO ESPAÑOL,"10,127,392",0.4811,0.3772,0.4834
1982_10,NACIONAL,1982,10,AP-PDP,ALIANZA POPULAR - PARTIDO DEMOCRATA POPULAR,"5,548,107",0.2636,0.2067,0.2648
1982_10,NACIONAL,1982,10,UCD,UNION DE CENTRO DEMOCRATICO,"1,425,093",0.0677,0.0531,0.068
1982_10,NACIONAL,1982,10,PCE,PARTIDO COMUNISTA DE ESPAÑA,"846,515",0.0402,0.0315,0.0404
1982_10,NACIONAL,1982,10,CIU,CONVERGENCIA I UNIO,"772,726",0.0367,0.0288,0.0369
1982_10,NACIONAL,1982,10,CDS,CENTRO DEMOCRATICO Y SOCIAL,"604,309",0.0287,0.0225,0.0288
1982_10,NACIONAL,1982,10,EAJ-PNV,PARTIDO NACIONALISTA VASCO-EUZKO ALDERDI JELTZALEA,"395,656",0.0188,0.0147,0.0189
1982_10,NACIONAL,1982,10,HB,AGRUPACION ELECTORES HERRI BATASUNA,"210,601",0.01,0.0078,0.0101
1982_10,NACIONAL,1982,10,ERC,ESQUERRA REPUBLICANA DE CATALUNYA,"138,118",0.0066,0.0051,0.0066
1982_10,NACIONAL,1982,10,FN,ASOCIACION POLITICA FUERZA NUEVA,"108,746",0.0052,0.0041,0.0052
1982_10,NACIONAL,1982,10,PST,PARTIDO SOCIALISTA DE LOS TRABAJADORES,"103,133",0.0049,0.0038,0.0049
1982_10,NACIONAL,1982,10,EE,EUSKADIKO EZKERRA - IZQUIERDA PARA EL SOCIALISMO,"100,326",0.0048,0.0037,0.0048
1982_10,NACIONAL,1982,10,PSA-PA,PARTIDO SOCIALISTA DE ANDALUCIA - PARTIDO ANDALUZ,"84,474",0.004,0.0031,0.004
1982_10,NACIONAL,1982,10,PCC,PARTIT DELS COMUNISTES DE CATALUNYA,"47,249",0.0022,0.0018,0.0023
1982_10,NACIONAL,1982,10,B-PSG,BLOQUE PSG,"38,437",0.0018,0.0014,0.0018
1982_10,NACIONAL,1982,10,UPC,UNION DEL PUEBLO CANARIO,"35,013",0.0017,0.0013,0.0017
1982_10,NACIONAL,1982,10,NE,NACIONALISTES D'ESQUERRA,"30,643",0.0015,0.0011,0.0015
1982_10,NACIONAL,1982,10,SE,SOLIDARIDAD ESPAÑOLA,"28,451",0.0014,0.0011,0.0014
1982_10,NACIONAL,1982,10,EU,EXTREMADURA UNIDA,"26,148",0.0012,0.001,0.0012
1982_10,NACIONAL,1982,10,PCOE,PARTIDO COMUNISTA OBRERO ESPAÑOL,"25,830",0.0012,0.001,0.0012
1982_10,NACIONAL,1982,10,CC,CONVERGENCIA CANARIA,"25,792",0.0012,0.001,0.0012
1982_10,NACIONAL,1982,10,UCE,UNIFICACION COMUNISTA DE ESPAÑA,"24,044",0.0011,0.0009,0.0011
1982_10,NACIONAL,1982,10,PCE (M-L),PARTIDO COMUNISTA DE ESPAÑA (MARXISTA-LENINISTA),"23,186",0.0011,0.0009,0.0011
1982_10,NACIONAL,1982,10,EG,ESQUERDA GALEGA,"22,192",0.0011,0.0008,0.0011
1982_10,NACIONAL,1982,10,AC-CC,ASAMBLEA CANARIA - COORDINADORA CANARIA,"18,757",0.0009,0.0007,0.0009
1982_10,NACIONAL,1982,10,UPV,UNITAT DEL POBLE VALENCIA,"18,516",0.0009,0.0007,0.0009
1982_10,NACIONAL,1982,10,CUC,CANDIDATURA DE UNIDAD COMUNISTA,"15,632",0.0007,0.0006,0.0007
1982_10,NACIONAL,1982,10,EUPV,ESQUERRA UNIDA DEL PAIS VALENCIA,"9,302",0.0004,0.0003,0.0004
1982_10,NACIONAL,1982,10,MFE,MOVIMIENTO FALANGISTA DE ESPAÑA,"8,976",0.0004,0.0003,0.0004
1982_10,NACIONAL,1982,10,AEBA,AGRUPACION ELECTORAL BLOQUE AGRARIO,"8,748",0.0004,0.0003,0.0004
1982_10,NACIONAL,1982,10,PSM,COALICION ELECTORAL PSM-NACIONALISTES DE LES ILLES,"8,633",0.0004,0.0003,0.0004
1982_10,NACIONAL,1982,10,PSA,PARTIDO SOCIALISTA DE ARAGON,"6,861",0.0003,0.0003,0.0003
1982_10,NACIONAL,1982,10,ENV-URV,ESQUERRA NACIONALISTA VALENCIANA,"6,738",0.0003,0.0003,0.0003
1982_10,NACIONAL,1982,10,PS,PARTIDO SOCIALISTA,"6,375",0.0003,0.0002,0.0003
1982_10,NACIONAL,1982,10,AEGI,AGRUPACION ELECTORAL GALLEGA INDEPENDIENTE,"5,512",0.0003,0.0002,0.0003
1982_10,NACIONAL,1982,10,LC (COSI),LIGA COMUNISTA (C.OBREROS SOCIAL.INTERNACIONALIS.),"5,462",0.0003,0.0002,0.0003
1982_10,NACIONAL,1982,10,CE-FCC,COALICION ELECTORAL FRONT COMUNISTA DE CATALUNYA,"4,900",0.0002,0.0002,0.0002
1982_10,NACIONAL,1982,10,FIC,FRENTE DE IZQUIERDA COMUNISTA,"3,772",0.0002,0.0001,0.0002
1982_10,NACIONAL,1982,10,PNC,PARTIDO NACIONALISTA CANARIO,"3,257",0.0002,0.0001,0.0002
1982_10,NACIONAL,1982,10,PREPAL,PARTIDO REGIONALISTA DEL PAIS LEONES,"3,234",0.0002,0.0001,0.0002
1982_10,NACIONAL,1982,10,FE-JONS,FALANGE ESPAÑOLA DE LAS JONS,"2,528",0.0001,0.0001,0.0001
1982_10,NACIONAL,1982,10,PADL,PARTIDO ASTURIANO DEMOCRATA LIBERAL,"2,493",0.0001,0.0001,0.0001
1982_10,NACIONAL,1982,10,IDG,INDEPENDIENTES Y EMIGRANTES DE GALICIA,"2,236",0.0001,0.0001,0.0001
1982_10,NACIONAL,1982,10,PRE,PARTIDO RURALISTA ESPAÑOL,"1,984",0.0001,0.0001,0.0001
1982_10,NACIONAL,1982,10,FE-I,FALANGE ESPAÑOLA INDEPENDIENTE,"1,862",0.0001,0.0001,0.0001
1982_10,NACIONAL,1982,10,PNC,PARTIDO NACIONALISTA CEUTI,"1,785",0.0001,0.0001,0.0001
1982_10,NACIONAL,1982,10,ACI,AGRUPACION CIUDADANA INDEPENDIENTE,"1,710",0.0001,0.0001,0.0001
1982_10,NACIONAL,1982,10,M.CAT.E,MOVIMIENTO CATOLICO ESPAÑOL,"1,694",0.0001,0.0001,0.0001
1982_10,NACIONAL,1982,10,LCR-MC,COALICION ELECTORAL IZQUIERDA COMUNISTA,"1,515",0.0001,0.0001,0.0001
1982_10,NACIONAL,1982,10,PDB,PARTIDO DE EL BIERZO,"1,454",0.0001,0.0001,0.0001
1982_10,NACIONAL,1982,10,ASDC,ASOCIACION SOCIALDEMOCRATA CANARIA,"1,131",0.0001,0,0.0001
1982_10,NACIONAL,1982,10,IR,IZQUIERDA REPUBLICANA,610,0,0,0
1982_10,NACIONAL,1982,10,PC,PARTIDO CARLISTA,224,0,0,0
1982_10,NACIONAL,1982,10,PAE,PARTIDO AGRARIO ESPAÑOL,222,0,0,0
1982_10,NACIONAL,1982,10,PP,PARTIDO PROVERISTA,168,0,0,0
1982_10,NACIONAL,1982,10,CIR,COORDINADORA DE LA IZQUIERDA RIOJANA,0,0,0,0
1982_10,NACIONAL,1982,10,PCU,PUEBLO CANARIO UNIDO,0,0,0,0
1982_10,NACIONAL,1982,10,BIA,BLOQUE DE IZQUIERDA ASTURIANA,0,0,0,0
1982_10,NACIONAL,1982,10,EM,AGRUPACION DE ELECTORES ESQUERRA MALLORQUINA,0,0,0,0
1986_06,NACIONAL,1986,6,PSOE,PARTIDO SOCIALISTA OBRERO ESPAÑOL,"8,901,718",0.4406,0.3057,0.4433
1986_06,NACIONAL,1986,6,AP-PDP-PL,COALICION POPULAR,"5,247,677",0.2597,0.1802,0.2613
1986_06,NACIONAL,1986,6,CDS,CENTRO DEMOCRATICO Y SOCIAL,"1,861,912",0.0922,0.0639,0.0927
1986_06,NACIONAL,1986,6,CIU,CONVERGENCIA I UNIO,"1,014,258",0.0502,0.0348,0.0505
1986_06,NACIONAL,1986,6,IU,COALICION IZQUIERDA UNIDA,"935,504",0.0463,0.0321,0.0466
1986_06,NACIONAL,1986,6,EAJ-PNV,PARTIDO NACIONALISTA VASCO,"309,610",0.0153,0.0106,0.0154
1986_06,NACIONAL,1986,6,HB,HERRI BATASUNA,"231,722",0.0115,0.008,0.0115
1986_06,NACIONAL,1986,6,MUC,MESA PARA LA UNIDAD DE LOS COMUNISTAS,"229,695",0.0114,0.0079,0.0114
1986_06,NACIONAL,1986,6,PRD,PARTIDO REFORMISTA DEMOCRATICO,"194,538",0.0096,0.0067,0.0097
1986_06,NACIONAL,1986,6,EE,EUSKADIKO EZKERRA,"107,053",0.0053,0.0037,0.0053
1986_06,NACIONAL,1986,6,PA,PARTIDO ANDALUCISTA,"94,008",0.0047,0.0032,0.0047
1986_06,NACIONAL,1986,6,ERC,ESQUERRA REPUBLICANA DE CATALUNYA,"84,628",0.0042,0.0029,0.0042
1986_06,NACIONAL,1986,6,CG,COALICION GALEGA,"79,972",0.004,0.0027,0.004
1986_06,NACIONAL,1986,6,PST,PARTIDO SOCIALISTA DE LOS TRABAJADORES,"77,914",0.0039,0.0027,0.0039
1986_06,NACIONAL,1986,6,PAR,PARTIDO ARAGONES REGIONALISTA,"73,004",0.0036,0.0025,0.0036
1986_06,NACIONAL,1986,6,AIC,COALICION AGRUPACIONES INDEPENDIENTES DE CANARIAS,"65,664",0.0033,0.0023,0.0033
1986_06,NACIONAL,1986,6,UV,UNIO VALENCIANA,"64,403",0.0032,0.0022,0.0032
1986_06,NACIONAL,1986,6,PCC,PARTIT DELS COMUNISTES DE CATALUNYA,"57,107",0.0028,0.002,0.0028
1986_06,NACIONAL,1986,6,PSG-EG,PARTIDO SOCIALISTA GALEGO-ESQUERDA GALEGA,"45,574",0.0023,0.0016,0.0023
1986_06,NACIONAL,1986,6,FE-JONS,FALANGE ESPAÑOLA DE LAS JONS,"43,449",0.0022,0.0015,0.0022
1986_06,NACIONAL,1986,6,UCE,UNIFICACION COMUNISTA DE ESPAÑA,"42,451",0.0021,0.0015,0.0021
1986_06,NACIONAL,1986,6,UPV,UNITAT DEL POBLE VALENCIA,"40,264",0.002,0.0014,0.002
1986_06,NACIONAL,1986,6,AC-INC,ASAMBLEA CANARIA-IZQUIERDA NACIONALISTA CANARIA,"36,892",0.0018,0.0013,0.0018
1986_06,NACIONAL,1986,6,LV,LOS VERDES,"31,909",0.0016,0.0011,0.0016
1986_06,NACIONAL,1986,6,AV,LISTA ALTERNATIVA VERDE,"29,567",0.0015,0.001,0.0015
1986_06,NACIONAL,1986,6,VERDE,VERTICE ESPAÑOL REIVINDICACION DESARROLL ECOLOGICO,"28,318",0.0014,0.001,0.0014
1986_06,NACIONAL,1986,6,UPR,UNIDAD POPULAR REPUBLICANA,"27,473",0.0014,0.0009,0.0014
1986_06,NACIONAL,1986,6,BNG,BLOQUE NACIONALISTA GALEGO,"27,049",0.0013,0.0009,0.0013
1986_06,NACIONAL,1986,6,POSI,PARTIDO OBRERO SOCIALISTA INTERNACIONALISTA,"21,853",0.0011,0.0008,0.0011
1986_06,NACIONAL,1986,6,EU,EXTREMADURA UNIDA,"16,091",0.0008,0.0006,0.0008
1986_06,NACIONAL,1986,6,PSPA,PARTIDO SOCIALISTA DEL PUEBLO ANDALUZ,"14,999",0.0007,0.0005,0.0007
1986_06,NACIONAL,1986,6,PSM-EN,PSM ESQUERRA NACIONALISTA,"7,539",0.0004,0.0003,0.0004
1986_06,NACIONAL,1986,6,CUN,COALICION DE UNIDAD NACIONAL,"5,209",0.0003,0.0002,0.0003
1986_06,NACIONAL,1986,6,PORE,PARTIDO DE LOS OBREROS REVOLUCIONARIOS DE ESPAÑA,"5,126",0.0003,0.0002,0.0003
1986_06,NACIONAL,1986,6,PSDC,PARTIT SOCIALDEMOCRATA DE CATALUNYA,"4,885",0.0002,0.0002,0.0002
1986_06,NACIONAL,1986,6,ADEI,AGRUPACION DE ELECTORES INDEPENDIENTES,"3,857",0.0002,0.0001,0.0002
1986_06,NACIONAL,1986,6,CL,COALICION CONVERGENCIA LEONESISTA,"2,520",0.0001,0.0001,0.0001
1986_06,NACIONAL,1986,6,PREPAL,PARTIDO REGIONALISTA DEL PAIS LEONES,"2,449",0.0001,0.0001,0.0001
1986_06,NACIONAL,1986,6,ENV-URV,ESQUERRA NACIONALISTA VALENCIANA,"2,116",0.0001,0.0001,0.0001
1986_06,NACIONAL,1986,6,LOC,LIGA OBRERA COMUNISTA,"1,952",0.0001,0.0001,0.0001
1986_06,NACIONAL,1986,6,PMCN,PARTIDO MODERADO-CENTRISTAS DE NAVARRA,"1,932",0.0001,0.0001,0.0001
1986_06,NACIONAL,1986,6,CN,CULTURA NATURAL,"1,886",0.0001,0.0001,0.0001
1986_06,NACIONAL,1986,6,PRM,PARTIDO REGIONALISTA MURCIANO,"1,401",0.0001,0,0.0001
1986_06,NACIONAL,1986,6,PED,PARTIDO ESPAÑOL DEMOCRATA,"1,169",0.0001,0,0.0001
1986_06,NACIONAL,1986,6,PANCAL,PARTIDO NACIONALISTA DE CASTILLA Y LEON,"1,047",0.0001,0,0.0001
1986_06,NACIONAL,1986,6,PROV,PARTIDO PROVERISTA,756,0,0,0
1986_06,NACIONAL,1986,6,AE-AIC,"AGRUPACION ELECTORAL""AGRUP INDEPENDIENTE DE CEUTA""",601,0,0,0
1986_06,NACIONAL,1986,6,PAEC,PARTIDO ESPAÑOL CRISTIANO,254,0,0,0
1986_06,NACIONAL,1986,6,EMK,MOVIMIENTO COMUNISTA DE EUSKADI,0,0,0,0
1986_06,NACIONAL,1986,6,LKI,LIGA KOMUNISTA IRAULTZAILEA,0,0,0,0
1989_10,NACIONAL,1989,10,PSOE,PARTIDO SOCIALISTA OBRERO ESPAÑOL,"8,115,568",0.396,0.2741,0.3988
1989_10,NACIONAL,1989,10,PP,PARTIDO POPULAR,"5,285,972",0.2579,0.1786,0.2597
1989_10,NACIONAL,1989,10,IU,IZQUIERDA UNIDA,"1,858,588",0.0907,0.0628,0.0913
1989_10,NACIONAL,1989,10,CDS,CENTRO DEMOCRATICO Y SOCIAL,"1,617,716",0.0789,0.0546,0.0795
1989_10,NACIONAL,1989,10,CIU,CONVERGENCIA I UNIO,"1,032,243",0.0504,0.0349,0.0507
1989_10,NACIONAL,1989,10,EAJ-PNV,EUZKO ALDERDI JELTZALEA-PARTIDO NACIONALISTA VASCO,"254,681",0.0124,0.0086,0.0125
1989_10,NACIONAL,1989,10,RUIZ-MATEOS,AGRUPACION RUIZ-MATEOS,"219,883",0.0107,0.0074,0.0108
1989_10,NACIONAL,1989,10,HB,HERRI BATASUNA,"217,278",0.0106,0.0073,0.0107
1989_10,NACIONAL,1989,10,PA,PARTIDO ANDALUCISTA,"212,687",0.0104,0.0072,0.0105
1989_10,NACIONAL,1989,10,LV-LV,LOS VERDES-LISTA VERDE,"157,103",0.0077,0.0053,0.0077
1989_10,NACIONAL,1989,10,UV,UNIO VALENCIANA,"144,924",0.0071,0.0049,0.0071
1989_10,NACIONAL,1989,10,EA,EUSKO ALKARTASUNA,"136,955",0.0067,0.0046,0.0067
1989_10,NACIONAL,1989,10,LVE,LOS VERDES ECOLOGISTAS,"136,335",0.0067,0.0046,0.0067
1989_10,NACIONAL,1989,10,EE,EUSKADIKO EZKERRA,"105,238",0.0051,0.0036,0.0052
1989_10,NACIONAL,1989,10,PTE-UC,PARTIDO TRABAJADORES DE ESPAÑA-UNIDAD COMUNISTA,"86,257",0.0042,0.0029,0.0042
1989_10,NACIONAL,1989,10,ERC,ESQUERRA REPUBLICANA DE CATALUNYA,"84,756",0.0041,0.0029,0.0042
1989_10,NACIONAL,1989,10,PST,PARTIDO SOCIALISTA DE LOS TRABAJADORES,"81,218",0.004,0.0027,0.004
1989_10,NACIONAL,1989,10,PAR,PARTIDO ARAGONES REGIONALISTA,"71,733",0.0035,0.0024,0.0035
1989_10,NACIONAL,1989,10,AIC,AGRUPACIONES INDEPENDIENTES DE CANARIAS,"64,767",0.0032,0.0022,0.0032
1989_10,NACIONAL,1989,10,PCPE,PARTIDO COMUNISTA DE LOS PUEBLOS DE ESPAÑA,"62,664",0.0031,0.0021,0.0031
1989_10,NACIONAL,1989,10,BNG,BLOQUE NACIONALISTA GALEGO,"47,763",0.0023,0.0016,0.0023
1989_10,NACIONAL,1989,10,CG,COALICION GALEGA,"45,821",0.0022,0.0015,0.0023
1989_10,NACIONAL,1989,10,UPV,UNITAT DEL POBLE VALENCIA,"40,767",0.002,0.0014,0.002
1989_10,NACIONAL,1989,10,PSG-EG,PARTIDO SOCIALISTA GALEGO-ESQUERDA GALEGA,"34,131",0.0017,0.0012,0.0017
1989_10,NACIONAL,1989,10,AV-MEC,ALTERNATIVA VERDA-MOVIMENT ECOLOG. DE CATALUNYA,"25,978",0.0013,0.0009,0.0013
1989_10,NACIONAL,1989,10,FE-JONS,FALANGE ESPAÑOLA DE LAS J.O.N.S.,"24,025",0.0012,0.0008,0.0012
1989_10,NACIONAL,1989,10,ACN,ASAMBLEA CANARIA NACIONALISTA,"21,539",0.0011,0.0007,0.0011
1989_10,NACIONAL,1989,10,VERDE,VERTICE ESPAÑOL REIVINDICAC. DESARROLLO ECOLOGICO,"21,235",0.001,0.0007,0.001
1989_10,NACIONAL,1989,10,CSD,COALICION SOCIALDEMOCRATA,"17,095",0.0008,0.0006,0.0008
1989_10,NACIONAL,1989,10,PH,PARTIDO HUMANISTA,"15,936",0.0008,0.0005,0.0008
1989_10,NACIONAL,1989,10,PNG-PG,PARTIDO NACIONALISTA GALEGO-PARTIDO GALEGUISTA,"14,411",0.0007,0.0005,0.0007
1989_10,NACIONAL,1989,10,AR,ALIANZA POR LA REPUBLICA,"12,807",0.0006,0.0004,0.0006
1989_10,NACIONAL,1989,10,EX.U.,EXTREMADURA UNIDA,"10,984",0.0005,0.0004,0.0005
1989_10,NACIONAL,1989,10,PSM-ENE,COALICION ELECTORAL ESQUERRA NACIONALISTA,"7,989",0.0004,0.0003,0.0004
1989_10,NACIONAL,1989,10,PORE,PARTIDO DE LOS OBREROS REVOLUCIONARIOS DE ESPAÑA,"7,906",0.0004,0.0003,0.0004
1989_10,NACIONAL,1989,10,IGC,INDEPENDIENTES DE GRAN CANARIA,"6,371",0.0003,0.0002,0.0003
1989_10,NACIONAL,1989,10,PAS,PARTIU ASTURIANISTA,"5,414",0.0003,0.0002,0.0003
1989_10,NACIONAL,1989,10,PED,UNIDAD CENTRISTA-P.E.D.,"4,942",0.0002,0.0002,0.0002
1989_10,NACIONAL,1989,10,FPG,FRENTE POPULAR GALEGA,"3,657",0.0002,0.0001,0.0002
1989_10,NACIONAL,1989,10,PAM,PARTIDO REGIONAL DE MADRID,"3,396",0.0002,0.0001,0.0002
1989_10,NACIONAL,1989,10,GRM,GRUPO DE RADICALES EN MADRID,"3,330",0.0002,0.0001,0.0002
1989_10,NACIONAL,1989,10,UNA,UNIDA NACIONALISTA ASTURIANA,"3,218",0.0002,0.0001,0.0002
1989_10,NACIONAL,1989,10,UA-CH.A,UNION ARAGONESISTA-CHUNTA ARAGONESISTA,"3,156",0.0002,0.0001,0.0002
1989_10,NACIONAL,1989,10,ENV-URV,ESQUERRA NACIONALISTA VALENCIANA - URV,"2,988",0.0001,0.0001,0.0001
1989_10,NACIONAL,1989,10,PREPAL,PARTIDO REGIONALISTA DEL PAIS LEONES,"2,962",0.0001,0.0001,0.0001
1989_10,NACIONAL,1989,10,UB,UNIO BALEAR,"2,883",0.0001,0.0001,0.0001
1989_10,NACIONAL,1989,10,CEU,PARTIDO CEUTA UNIDA,"2,760",0.0001,0.0001,0.0001
1989_10,NACIONAL,1989,10,SEV,SIETE ESTRELLAS VERDES,"1,411",0.0001,0,0.0001
1989_10,NACIONAL,1989,10,MV,MOVIMIENTO VERDE,"1,368",0.0001,0,0.0001
1989_10,NACIONAL,1989,10,ACI,AGRUPACION CIUDADANA INDEPENDIENTE,"1,359",0.0001,0,0.0001
1989_10,NACIONAL,1989,10,PANCAL,PARTIDO NACIONALISTA DE CASTILLA Y LEON,"1,199",0.0001,0,0.0001
1989_10,NACIONAL,1989,10,COA,COALICION ALICANTINISTA ALICANTON,"1,041",0.0001,0,0.0001
1989_10,NACIONAL,1989,10,ARDE,ACCION REPUBLICANA DEMOCRATICA ESPAÑOLA,975,0,0,0
1989_10,NACIONAL,1989,10,PEE-(LV),PARTIDO ECOLOGISTA DE EUSKADI (LISTA VERDE),931,0,0,0
1989_10,NACIONAL,1989,10,R. X C.,RADICALES POR CANTABRIA,904,0,0,0
1989_10,NACIONAL,1989,10,FE (I),FALANGE ESPAÑOLA INDEPENDIENTE,827,0,0,0
1989_10,NACIONAL,1989,10,TAGOROR,TAGOROR O ASAMBLEA CONEJERA DE LANZAROTE,472,0,0,0
1989_10,NACIONAL,1989,10,PRGU,PARTIDO REGIONALISTA DE GUADALAJARA,426,0,0,0
1989_10,NACIONAL,1989,10,PRB,PARTIDO RADICAL BALEAR,398,0,0,0
1989_10,NACIONAL,1989,10,PNEM,PARTIDO NACIONALISTA ESPAÑOL DE MELILLA,301,0,0,0
1989_10,NACIONAL,1989,10,P.PR.,PARTIDO PROVERISTA,245,0,0,0
1989_10,NACIONAL,1989,10,PCE-(M.L.),PARTIDO COMUNISTA DE ESPAÑA (MARXISTA-LENINISTA),0,0,0,0
1989_10,NACIONAL,1989,10,LKI-EMK,COALICION ELECTORAL LKI-EMK,0,0,0,0
1993_06,NACIONAL,1993,6,PSOE,PARTIDO SOCIALISTA OBRERO ESPAÑOL,"9,150,083",0.3878,0.2949,0.391
1993_06,NACIONAL,1993,6,PP,PARTIDO POPULAR,"8,201,463",0.3476,0.2643,0.3504
1993_06,NACIONAL,1993,6,IU,IZQUIERDA UNIDA,"2,253,722",0.0955,0.0726,0.0963
1993_06,NACIONAL,1993,6,CIU,CONVERGENCIA I UNIO,"1,165,783",0.0494,0.0376,0.0498
1993_06,NACIONAL,1993,6,CDS,CENTRO DEMOCRATICO Y SOCIAL,"414,740",0.0176,0.0134,0.0177
1993_06,NACIONAL,1993,6,EAJ-PNV,EUSKO ALDERDI JELTZALEA-PARTIDO NACIONALISTA VASCO,"291,448",0.0124,0.0094,0.0125
1993_06,NACIONAL,1993,6,CC,COALICION CANARIA,"207,077",0.0088,0.0067,0.0088
1993_06,NACIONAL,1993,6,HB,HERRI BATASUNA,"206,876",0.0088,0.0067,0.0088
1993_06,NACIONAL,1993,6,ERC,ESQUERRA REPUBLICANA DE CATALUNYA,"189,632",0.008,0.0061,0.0081
1993_06,NACIONAL,1993,6,VERDES,LOS VERDES,"185,940",0.0079,0.006,0.0079
1993_06,NACIONAL,1993,6,PAR,PARTIDO ARAGONES,"144,544",0.0061,0.0047,0.0062
1993_06,NACIONAL,1993,6,EA-EUE,COALICION EUSKO ALKARTASUNA-EUSKAL EZKERRA,"129,293",0.0055,0.0042,0.0055
1993_06,NACIONAL,1993,6,BNG,BLOQUE NACIONALISTA GALEGO,"126,965",0.0054,0.0041,0.0054
1993_06,NACIONAL,1993,6,UV,UNIO VALENCIANA,"112,341",0.0048,0.0036,0.0048
1993_06,NACIONAL,1993,6,PA,PARTIDO ANDALUCISTA,"96,513",0.0041,0.0031,0.0041
1993_06,NACIONAL,1993,6,LE,LOS ECOLOGISTAS,"68,851",0.0029,0.0022,0.0029
1993_06,NACIONAL,1993,6,ARM-ADE,AGRUPACION RUIZ-MATEOS-ALIANZA DEMOCR. EUROPEA,"54,518",0.0023,0.0018,0.0023
1993_06,NACIONAL,1993,6,PAP,PARTIDO ANDALUZ DE PROGRESO,"43,169",0.0018,0.0014,0.0018
1993_06,NACIONAL,1993,6,UPV,UNITAT DEL POBLE VALENCIA,"41,052",0.0017,0.0013,0.0018
1993_06,NACIONAL,1993,6,PST,PARTIDO SOCIALISTA DE LOS TRABAJADORES,"30,068",0.0013,0.001,0.0013
1993_06,NACIONAL,1993,6,UPCA,UNION PARA EL PROGRESO DE CANTABRIA,"27,005",0.0011,0.0009,0.0012
1993_06,NACIONAL,1993,6,PSM-ENE,PSM-ENE NACIONALISTES DE LES ILLES BALEARS,"20,118",0.0009,0.0006,0.0009
1993_06,NACIONAL,1993,6,PRC,PARTIDO REGIONALISTA DE CANTABRIA,"18,608",0.0008,0.0006,0.0008
1993_06,NACIONAL,1993,6,UA,UNIDAD ALAVESA,"16,623",0.0007,0.0005,0.0007
1993_06,NACIONAL,1993,6,GIL,GRUPO INDEPENDIENTE LIBERAL,"16,452",0.0007,0.0005,0.0007
1993_06,NACIONAL,1993,6,PGC,PARTIDO DE GRAN CANARIA,"15,246",0.0006,0.0005,0.0007
1993_06,NACIONAL,1993,6,UPL,UNION DEL PUEBLO LEONES,"13,097",0.0006,0.0004,0.0006
1993_06,NACIONAL,1993,6,PLN,PARTIDO DE LA LEY NATURAL,"11,392",0.0005,0.0004,0.0005
1993_06,NACIONAL,1993,6,PAS,PARTIU ASTURIANISTA,"11,088",0.0005,0.0004,0.0005
1993_06,NACIONAL,1993,6,E U,EXTREMADURA UNIDA,"10,653",0.0005,0.0003,0.0005
1993_06,NACIONAL,1993,6,PCPE,PARTIDO COMUNISTA DE LOS PUEBLOS DE ESPAÑA,"10,233",0.0004,0.0003,0.0004
1993_06,NACIONAL,1993,6,UMMP,"UNIO MALLORQUINA, MENORQUINA I PITIUSA","10,053",0.0004,0.0003,0.0004
1993_06,NACIONAL,1993,6,PEC-VERDE,PARTIT ECOLOGISTA DE CATALUNYA,"9,249",0.0004,0.0003,0.0004
1993_06,NACIONAL,1993,6,PH,PARTIDO HUMANISTA,"8,834",0.0004,0.0003,0.0004
1993_06,NACIONAL,1993,6,POR,PARTIDO OBRERO REVOLUCIONARIO,"8,667",0.0004,0.0003,0.0004
1993_06,NACIONAL,1993,6,FE-JONS,FALANGE ESPAÑOLA DE LAS J.O.N.S.,"8,000",0.0003,0.0003,0.0003
1993_06,NACIONAL,1993,6,NPS,COALICION POR UN NUEVO PARTIDO SOCIALISTA,"7,991",0.0003,0.0003,0.0003
1993_06,NACIONAL,1993,6,P. RIOJANO,PARTIDO RIOJANO,"7,532",0.0003,0.0002,0.0003
1993_06,NACIONAL,1993,6,CHA,CHUNTA ARAGONESISTA,"6,344",0.0003,0.0002,0.0003
1993_06,NACIONAL,1993,6,CNG,CONVERXENCIA NACIONALISTA GALEGA,"4,663",0.0002,0.0002,0.0002
1993_06,NACIONAL,1993,6,TC-PNC,TIERRA COMUNERA-PARTIDO NACIONALISTA CASTELLANO,"4,647",0.0002,0.0001,0.0002
1993_06,NACIONAL,1993,6,AG,ALTERNATIVA GALEGA,"3,286",0.0001,0.0001,0.0001
1993_06,NACIONAL,1993,6,ARDE,A.R.D.E. FEDERACION REPUBLICANA,"3,063",0.0001,0.0001,0.0001
1993_06,NACIONAL,1993,6,URCL,UNIDAD REGIONALISTA DE CASTILLA Y LEON,"2,715",0.0001,0.0001,0.0001
1993_06,NACIONAL,1993,6,PB,PARTIDO DE EL BIERZO,"2,681",0.0001,0.0001,0.0001
1993_06,NACIONAL,1993,6,PREX,PARTIDO REGIONALISTA EXTREMEÑO,"2,086",0.0001,0.0001,0.0001
1993_06,NACIONAL,1993,6,SEES,SALUD Y ECOLOGIA EN SOLIDARIDAD,"1,959",0.0001,0.0001,0.0001
1993_06,NACIONAL,1993,6,PRIM,PARTIDO REGIONAL INDEPENDIENTE MADRILEÑO,"1,917",0.0001,0.0001,0.0001
1993_06,NACIONAL,1993,6,ENV,ESQUERRA NACIONALISTA VALENCIANA,"1,517",0.0001,0,0.0001
1993_06,NACIONAL,1993,6,FE (I),FALANGE ESPAÑOLA INDEPENDIENTE,"1,415",0.0001,0,0.0001
1993_06,NACIONAL,1993,6,APP,AGRUPACION PALENTINA POPULAR,"1,410",0.0001,0,0.0001
1993_06,NACIONAL,1993,6,ARCOIRIS,ARCOIRIS,"1,407",0.0001,0,0.0001
1993_06,NACIONAL,1993,6,PVPA,LOS VERDES DEL PAIS ALICANTINO,"1,375",0.0001,0,0.0001
1993_06,NACIONAL,1993,6,PC,PARTIDO CANTONALISTA,"1,300",0.0001,0,0.0001
1993_06,NACIONAL,1993,6,PREPAL,PARTIDO REGIONALISTA DEL PAIS LEONES,"1,193",0.0001,0,0.0001
1993_06,NACIONAL,1993,6,MCE,MOVIMIENTO CATOLICO ESPAÑOL,"1,178",0,0,0.0001
1993_06,NACIONAL,1993,6,ATF,ASAMBLEA TINERFEÑA,"1,159",0,0,0
1993_06,NACIONAL,1993,6,PSPC,PARTIDO SOCIALISTA DEL PUEBLO DE CEUTA,"1,155",0,0,0
1993_06,NACIONAL,1993,6,AIGRANC,PARTIDO AGRUPACION INSULAR DE GRAN CANARIA,"1,009",0,0,0
1993_06,NACIONAL,1993,6,UC,UNION CASTELLANISTA,949,0,0,0
1993_06,NACIONAL,1993,6,AA,ANDECHA ASTUR,787,0,0,0
1993_06,NACIONAL,1993,6,FE (A),FALANGE ESPAÑOLA AUTENTICA,747,0,0,0
1993_06,NACIONAL,1993,6,UNI.D.A,UNION DEMOCRATICA ALICANTINA,715,0,0,0
1993_06,NACIONAL,1993,6,FPE,FRENTE PROGRESISTA DE ESPAÑA,641,0,0,0
1993_06,NACIONAL,1993,6,UDLA,UNION DE AUTONOMIAS,594,0,0,0
1993_06,NACIONAL,1993,6,OS,OCTUBRE SOCIALISTA,540,0,0,0
1993_06,NACIONAL,1993,6,CONCEYU,CONCEYU INDEPENDIENTE D'ASTURIES,528,0,0,0
1993_06,NACIONAL,1993,6,PIAP,PARTIDO DE INTEGRACION POR ALMERIA Y SUS PUEBLOS,466,0,0,0
1993_06,NACIONAL,1993,6,ABE,ALTERNATIVA BALEAR ESPAÑOLA,416,0,0,0
1993_06,NACIONAL,1993,6,PITRCG,PART. POLITICO INDEPENDIENTE TOLERANTE REFERENDATA,408,0,0,0
1993_06,NACIONAL,1993,6,LG,LA GENTE,385,0,0,0
1993_06,NACIONAL,1993,6,PNC,PARTIDO NACIONALISTA CANTABRO,383,0,0,0
1993_06,NACIONAL,1993,6,IF,INDEPENDIENTES FEDERADOS DE ARAGON,303,0,0,0
1993_06,NACIONAL,1993,6,PRB,PARTIDO RADICAL BALEAR,282,0,0,0
1993_06,NACIONAL,1993,6,P. TAGOROR,PARTIDO TAGOROR,278,0,0,0
1993_06,NACIONAL,1993,6,PRGU,PARTIDO REGIONALISTA DE GUADALAJARA,267,0,0,0
1993_06,NACIONAL,1993,6,MCES,MONARQUIA CRISTIANA ESPAÑOLA SOCIALDEMOCRATA,244,0,0,0
1993_06,NACIONAL,1993,6,US,UNION PROGRESISTA SORIANA,98,0,0,0
1993_06,NACIONAL,1993,6,PANCAL,PARTIDO NACIONALISTA DE CASTILLA Y LEON,70,0,0,0
1993_06,NACIONAL,1993,6,INCE,INICIATIVA POR CEUTA,42,0,0,0
1993_06,NACIONAL,1993,6,CCL,COALICION POR CANARIAS LIBRE,0,0,0,0
1993_06,NACIONAL,1993,6,PED,UNIDAD CENTRISTA-PARTIDO ESPAÑOL DEMOCRATICO,0,0,0,0
1993_06,NACIONAL,1993,6,UCE,UNIFICACION COMUNISTA DE ESPAÑA,0,0,0,0
1993_06,NACIONAL,1993,6,FREIXES,GRUPO INDEPENDIENTE FREIXES,0,0,0,0
1996_03,NACIONAL,1996,3,PP,PARTIDO POPULAR,"9,716,006",0.3879,0.2987,0.3917
1996_03,NACIONAL,1996,3,PSOE,PARTIDO SOCIALISTA OBRERO ESPAÑOL,"9,425,678",0.3763,0.2897,0.38
1996_03,NACIONAL,1996,3,IU,IZQUIERDA UNIDA,"2,639,774",0.1054,0.0811,0.1064
1996_03,NACIONAL,1996,3,CIU,CONVERGENCIA I UNIO,"1,151,633",0.046,0.0354,0.0464
1996_03,NACIONAL,1996,3,EAJ-PNV,EUZKO ALDERDI JELTZALEA-PARTIDO NACIONALISTA VASCO,"318,951",0.0127,0.0098,0.0129
1996_03,NACIONAL,1996,3,CC,COALICION CANARIA,"220,418",0.0088,0.0068,0.0089
1996_03,NACIONAL,1996,3,BNG,BLOQUE NACIONALISTA GALEGO,"220,147",0.0088,0.0068,0.0089
1996_03,NACIONAL,1996,3,HB,HERRI BATASUNA,"181,304",0.0072,0.0056,0.0073
1996_03,NACIONAL,1996,3,ERC,ESQUERRA REPUBLICANA DE CATALUNYA,"167,641",0.0067,0.0052,0.0068
1996_03,NACIONAL,1996,3,PA,PARTIDO ANDALUCISTA,"134,800",0.0054,0.0041,0.0054
1996_03,NACIONAL,1996,3,EA,EUSKO ALKARTASUNA,"115,861",0.0046,0.0036,0.0047
1996_03,NACIONAL,1996,3,UV,UNIO VALENCIANA,"91,575",0.0037,0.0028,0.0037
1996_03,NACIONAL,1996,3,LVE,LOS VERDES EUROPEOS,"61,689",0.0025,0.0019,0.0025
1996_03,NACIONAL,1996,3,CHA,CHUNTA ARAGONESISTA,"49,739",0.002,0.0015,0.002
1996_03,NACIONAL,1996,3,UC,UNION CENTRISTA,"44,771",0.0018,0.0014,0.0018
1996_03,NACIONAL,1996,3,UPV-BN,UNITAT DEL POBLE VALENCIA-BLOC NACIONALISTA,"26,777",0.0011,0.0008,0.0011
1996_03,NACIONAL,1996,3,PSM-ENE,COALICION ELECTORAL PSM-ENE,"24,644",0.001,0.0008,0.001
1996_03,NACIONAL,1996,3,LV-GV,LOS VERDES-GRUPO VERDE,"17,177",0.0007,0.0005,0.0007
1996_03,NACIONAL,1996,3,CDN,CONVERGENCIA DEMOCRATAS DE NAVARRA,"17,020",0.0007,0.0005,0.0007
1996_03,NACIONAL,1996,3,PRT,PARTIDO REVOLUCIONARIO DE LOS TRABAJADORES,"14,854",0.0006,0.0005,0.0006
1996_03,NACIONAL,1996,3,PCPE,PARTIDO COMUNISTA DE LOS PUEBLOS DE ESPAÑA,"14,513",0.0006,0.0004,0.0006
1996_03,NACIONAL,1996,3,PH,PARTIDO HUMANISTA,"13,482",0.0005,0.0004,0.0005
1996_03,NACIONAL,1996,3,PAS,PARTIU ASTURIANISTA,"12,213",0.0005,0.0004,0.0005
1996_03,NACIONAL,1996,3,FEA,FALANGE ESPAÑOLA AUTENTICA,"12,114",0.0005,0.0004,0.0005
1996_03,NACIONAL,1996,3,UPL,UNION DEL PUEBLO LEONES,"12,049",0.0005,0.0004,0.0005
1996_03,NACIONAL,1996,3,ICV-GORORDO,INIC.CIUDADANA VASCA/EUSKAL HURITARREN EGITEKOAK,"11,833",0.0005,0.0004,0.0005
1996_03,NACIONAL,1996,3,LV,LOS VERDES DE MADRID,"8,483",0.0003,0.0003,0.0003
1996_03,NACIONAL,1996,3,CEX,COALICION EXTREMEÑA,"7,312",0.0003,0.0002,0.0003
1996_03,NACIONAL,1996,3,UM,UNIO MALLORQUINA,"6,943",0.0003,0.0002,0.0003
1996_03,NACIONAL,1996,3,TC-PNC,TIERRA COMUNERA-PARTIDO NACIONALISTA CASTELLANO,"6,206",0.0002,0.0002,0.0003
1996_03,NACIONAL,1996,3,P.RIOJANO,PARTIDO RIOJANO,"6,065",0.0002,0.0002,0.0002
1996_03,NACIONAL,1996,3,PEC,PARTIT ECOLOGISTA DE CATALUNYA,"4,305",0.0002,0.0001,0.0002
1996_03,NACIONAL,1996,3,URCL,UNIDAD REGIONALISTA DE CASTILLA Y LEON,"4,061",0.0002,0.0001,0.0002
1996_03,NACIONAL,1996,3,NA,NACION ANDALUZA,"3,505",0.0001,0.0001,0.0001
1996_03,NACIONAL,1996,3,AUN,ALIANZA POR LA UNIDAD NACIONAL,"3,397",0.0001,0.0001,0.0001
1996_03,NACIONAL,1996,3,PREPAL,"SALAMANCA, ZAMORA, LEON","2,762",0.0001,0.0001,0.0001
1996_03,NACIONAL,1996,3,SOS,SOS NATURALEZA,"2,753",0.0001,0.0001,0.0001
1996_03,NACIONAL,1996,3,CR,COALICION REPUBLICANA,"2,744",0.0001,0.0001,0.0001
1996_03,NACIONAL,1996,3,FREPIC,FRENTE POPULAR POR LA INDEPENDENCIA DE CANARIAS,"2,567",0.0001,0.0001,0.0001
1996_03,NACIONAL,1996,3,PSPC,PARTIDO SOCIALISTA DEL PUEBLO DE CEUTA,"2,365",0.0001,0.0001,0.0001
1996_03,NACIONAL,1996,3,PRCM,PARTIDO REGIONALISTA DE CASTILLA-LA MANCHA,"2,279",0.0001,0.0001,0.0001
1996_03,NACIONAL,1996,3,FPG,FRENTE POPULAR GALEGA,"2,065",0.0001,0.0001,0.0001
1996_03,NACIONAL,1996,3,SIEX,SOCIALISTAS INDEPENDIENTES DE EXTREMADURA,"1,678",0.0001,0.0001,0.0001
1996_03,NACIONAL,1996,3,PRIM,PARTIDO REGIONAL INDEPENDIENTE MADRILEÑO,"1,671",0.0001,0.0001,0.0001
1996_03,NACIONAL,1996,3,PRV,PARTIDO ROJI-VERDE,"1,656",0.0001,0.0001,0.0001
1996_03,NACIONAL,1996,3,FEI,FALANGE ESPAÑOLA INDEPENDIENTE,"1,550",0.0001,0,0.0001
1996_03,NACIONAL,1996,3,NR,NUEVA REGION,"1,452",0.0001,0,0.0001
1996_03,NACIONAL,1996,3,PICC,PLATAFORMA INDEPENDENT CIUTADANA DE CATALUNYA,"1,229",0,0,0
1996_03,NACIONAL,1996,3,ENV,ESQUERRA NACIONALISTA VALENCIANA,"1,023",0,0,0
1996_03,NACIONAL,1996,3,PB,PARTIDO DE EL BIERZO,"1,000",0,0,0
1996_03,NACIONAL,1996,3,PCN,PARTIDO CANARIO NACIONALISTA,722,0,0,0
1996_03,NACIONAL,1996,3,UPRA,UNION PROVINCIAL ALICANTINA,651,0,0,0
1996_03,NACIONAL,1996,3,UAD,UNIDAD ANDALUZA DEMOCRATICA,627,0,0,0
1996_03,NACIONAL,1996,3,VDPA,VOZ DEL PUEBLO ANDALUZ,529,0,0,0
1996_03,NACIONAL,1996,3,N,ESTADO NACIONAL EUROPEO,495,0,0,0
1996_03,NACIONAL,1996,3,ALAS,AGRUPACION LIBERAL AUTONOMISTA Y SOCIAL,402,0,0,0
1996_03,NACIONAL,1996,3,ABA,ALIANCA BALEAR,379,0,0,0
1996_03,NACIONAL,1996,3,PRGU,PARTIDO REGIONALISTA DE GUADALAJARA,338,0,0,0
1996_03,NACIONAL,1996,3,LAE,LIGA AUTONOMA ESPAÑOLA,296,0,0,0
1996_03,NACIONAL,1996,3,DSA,DINAMICA SOCIAL ARAGONESA,265,0,0,0
1996_03,NACIONAL,1996,3,LG,PARTIDO LA GENTE,243,0,0,0
1996_03,NACIONAL,1996,3,PIZ,PARTIDO INTERZAMORANO,215,0,0,0
1996_03,NACIONAL,1996,3,PNM,PARTIDO NACIONALISTA DE MELILLA,200,0,0,0
1996_03,NACIONAL,1996,3,CCV,CENTRISTAS DE LA COMUNIDAD VALENCIANA,0,0,0,0
1996_03,NACIONAL,1996,3,POR,PARTIDO OBRERO REVOLUCIONARIO,0,0,0,0
1996_03,NACIONAL,1996,3,PAE,PARTIDO DE LOS TRABAJADORES AUTONOMOS DE ESPAÑA,0,0,0,0
1996_03,NACIONAL,1996,3,AFIT,AGRUPACIONES FAMILIARES INDEPENDIENTES TINERFEÑAS,0,0,0,0
2000_03,NACIONAL,2000,3,PP,PARTIDO POPULAR,"10,321,178",0.4452,0.3038,0.4524
2000_03,NACIONAL,2000,3,PSOE-PROGR.,PARTIDO SOCIALISTA OBRERO ESPAÑOL - PROGRESISTAS,"7,918,752",0.3416,0.2331,0.3471
2000_03,NACIONAL,2000,3,IU,IZQUIERDA UNIDA,"1,263,043",0.0545,0.0372,0.0554
2000_03,NACIONAL,2000,3,CIU,CONVERGENCIA I UNIO,"970,421",0.0419,0.0286,0.0425
2000_03,NACIONAL,2000,3,EAJ-PNV,EUZKO ALDERDI JELTZALEA-PARTIDO NACIONALISTA VASCO,"353,953",0.0153,0.0104,0.0155
2000_03,NACIONAL,2000,3,BNG,BLOQUE NACIONALISTA GALEGO,"306,268",0.0132,0.009,0.0134
2000_03,NACIONAL,2000,3,CC,COALICION CANARIA,"248,261",0.0107,0.0073,0.0109
2000_03,NACIONAL,2000,3,PA,PARTIDO ANDALUCISTA,"206,255",0.0089,0.0061,0.009
2000_03,NACIONAL,2000,3,ERC,ESQUERRA REPUBLICANA DE CATALUNYA,"194,715",0.0084,0.0057,0.0085
2000_03,NACIONAL,2000,3,IC-V,INICIATIVA PER CATALUNYA-VERDS,"119,290",0.0051,0.0035,0.0052
2000_03,NACIONAL,2000,3,EA,EUSKO ALKARTASUNA,"100,742",0.0043,0.003,0.0044
2000_03,NACIONAL,2000,3,CHA,CHUNTA ARAGONESISTA,"75,356",0.0033,0.0022,0.0033
2000_03,NACIONAL,2000,3,GIL,GRUPO INDEPENDIENTE LIBERAL,"72,162",0.0031,0.0021,0.0032
2000_03,NACIONAL,2000,3,VERDES,LOS VERDES,"70,906",0.0031,0.0021,0.0031
2000_03,NACIONAL,2000,3,BLOC-VERDS,BLOC NAC. VALENCIA-ELS VERDS-VALENCIANS PEL CANVI,"58,551",0.0025,0.0017,0.0026
2000_03,NACIONAL,2000,3,UV,UNIO VALENCIANA,"57,830",0.0025,0.0017,0.0025
2000_03,NACIONAL,2000,3,UPL,UNION DEL PUEBLO LEONES,"41,690",0.0018,0.0012,0.0018
2000_03,NACIONAL,2000,3,PAR,PARTIDO ARAGONES,"38,883",0.0017,0.0011,0.0017
2000_03,NACIONAL,2000,3,UC-CDS,UNION CENTRISTA-CENTRO DEMOCRATICO Y SOCIAL,"23,576",0.001,0.0007,0.001
2000_03,NACIONAL,2000,3,PSM-EN,PSM ENTESA NACIONALISTA,"23,482",0.001,0.0007,0.001
2000_03,NACIONAL,2000,3,LVE,LOS VERDES-ECOPACIFISTAS,"22,220",0.001,0.0007,0.001
2000_03,NACIONAL,2000,3,LV-CM,LOS VERDES-COMUNIDAD DE MADRID,"21,087",0.0009,0.0006,0.0009
2000_03,NACIONAL,2000,3,LV-GV,LOS VERDES-GRUPO VERDE,"20,618",0.0009,0.0006,0.0009
2000_03,NACIONAL,2000,3,PH,PARTIDO HUMANISTA,"19,683",0.0008,0.0006,0.0009
2000_03,NACIONAL,2000,3,TC-PNC,TIERRA COMUNERA-PARTIDO NACIONALISTA CASTELLANO,"18,290",0.0008,0.0005,0.0008
2000_03,NACIONAL,2000,3,PLN,PARTIDO DE LA LEY NATURAL,"17,372",0.0007,0.0005,0.0008
2000_03,NACIONAL,2000,3,FE,LA FALANGE,"14,431",0.0006,0.0004,0.0006
2000_03,NACIONAL,2000,3,URAS,UNION RENOVADORA ASTURIANA,"13,360",0.0006,0.0004,0.0006
2000_03,NACIONAL,2000,3,PCPE,PARTIDO COMUNISTA DE LOS PUEBLOS DE ESPAÑA,"12,898",0.0006,0.0004,0.0006
2000_03,NACIONAL,2000,3,POSI,PARTIDO OBRERO SOCIALISTA INTERNACIONALISTA,"12,208",0.0005,0.0004,0.0005
2000_03,NACIONAL,2000,3,EV-AV,ELS VERDS-ALTERNATIVA VERDA,"11,579",0.0005,0.0003,0.0005
2000_03,NACIONAL,2000,3,PIL,PARTIDO DE INDEPENDIENTES DE LANZAROTE,"10,323",0.0004,0.0003,0.0005
2000_03,NACIONAL,2000,3,ES2000,PLATAFORMA ESPAÑA 2000,"9,562",0.0004,0.0003,0.0004
2000_03,NACIONAL,2000,3,PADE,PARTIDO DEMOCRATA ESPAÑOL,"9,136",0.0004,0.0003,0.0004
2000_03,NACIONAL,2000,3,CDN,CONVERGENCIA DEMOCRATAS DE NAVARRA,"8,646",0.0004,0.0003,0.0004
2000_03,NACIONAL,2000,3,UM-INME,C.ILLES BALEARS UNIO MALLORQUINA-INDEP. DE MENORCA,"8,372",0.0004,0.0002,0.0004
2000_03,NACIONAL,2000,3,IA,IZQUIERDA ANDALUZA,"8,175",0.0004,0.0002,0.0004
2000_03,NACIONAL,2000,3,FEI-FE 2000,FALANGE ESPAÑOLA INDEPENDIENTE-FALANGE 2000,"6,621",0.0003,0.0002,0.0003
2000_03,NACIONAL,2000,3,BLM,BLOQUE LOCALISTA DE MELILLA,"6,514",0.0003,0.0002,0.0003
2000_03,NACIONAL,2000,3,P.RIOJANO,PARTIDO RIOJANO,"6,155",0.0003,0.0002,0.0003
2000_03,NACIONAL,2000,3,PAS,PARTIU ASTURIANISTA,"5,876",0.0003,0.0002,0.0003
2000_03,NACIONAL,2000,3,URCL,UNIDAD REGIONALISTA DE CASTILLA Y LEON,"5,683",0.0002,0.0002,0.0002
2000_03,NACIONAL,2000,3,EU,EXTREMADURA UNIDA,"4,771",0.0002,0.0001,0.0002
2000_03,NACIONAL,2000,3,AU.TO.NO.MO,PARTIDO DE LOS AUTONOMOS Y PROFESIONALES,"4,218",0.0002,0.0001,0.0002
2000_03,NACIONAL,2000,3,PCL,CANDIDATURA INDEP. PARTIDO DE CASTILLA Y LEON,"4,184",0.0002,0.0001,0.0002
2000_03,NACIONAL,2000,3,EC,ESTAT CATALA,"3,356",0.0001,0.0001,0.0001
2000_03,NACIONAL,2000,3,NA,NACION ANDALUZA,"3,262",0.0001,0.0001,0.0001
2000_03,NACIONAL,2000,3,DG,DEMOCRACIA GALEGA,"2,958",0.0001,0.0001,0.0001
2000_03,NACIONAL,2000,3,AR,ACCION REPUBLICANA,"2,858",0.0001,0.0001,0.0001
2000_03,NACIONAL,2000,3,PKD,PARTIDO DEL KARMA DEMOCRATICO,"2,759",0.0001,0.0001,0.0001
2000_03,NACIONAL,2000,3,A,ASAMBLEA DE ANDALUCIA,"2,727",0.0001,0.0001,0.0001
2000_03,NACIONAL,2000,3,EL-PAPI,"PARTIDO DE AUTONOMOS, PENSIONISTAS E INDEPENDIENT.","2,713",0.0001,0.0001,0.0001
2000_03,NACIONAL,2000,3,PREX-CREX,COALICION EXTREMEÑA,"2,371",0.0001,0.0001,0.0001
2000_03,NACIONAL,2000,3,CG,COALICION GALEGA,"2,361",0.0001,0.0001,0.0001
2000_03,NACIONAL,2000,3,UPZ,UNION DEL PUEBLO ZAMORANO,"2,347",0.0001,0.0001,0.0001
2000_03,NACIONAL,2000,3,FPG,FRENTE POPULAR GALEGA,"2,252",0.0001,0.0001,0.0001
2000_03,NACIONAL,2000,3,PC,PARTIDO CARLISTA,"2,131",0.0001,0.0001,0.0001
2000_03,NACIONAL,2000,3,PREPAL,"SALAMANCA, ZAMORA, LEON PREPAL","2,118",0.0001,0.0001,0.0001
2000_03,NACIONAL,2000,3,CNC,CONCEJU NACIONALIEGU CANTABRU,"2,103",0.0001,0.0001,0.0001
2000_03,NACIONAL,2000,3,AA,ANDECHA ASTUR,"2,036",0.0001,0.0001,0.0001
2000_03,NACIONAL,2000,3,PEDA,PARTIDO ESPAÑOL DE AUTONOMOS,"1,904",0.0001,0.0001,0.0001
2000_03,NACIONAL,2000,3,LI (LIT-CI),LUCHA INTERNACIONALISTA,"1,716",0.0001,0.0001,0.0001
2000_03,NACIONAL,2000,3,PAVIEL,PARTIDO DE ASOCIACION DE VIUDAS Y ESPOSAS LEGALES,"1,690",0.0001,0,0.0001
2000_03,NACIONAL,2000,3,IR-PRE,IZQUIERDA REPUBLICANA-PARTIT REPUBLICA D'ESQUERRA,"1,541",0.0001,0,0.0001
2000_03,NACIONAL,2000,3,PAE,PARTIDO DE LOS AUTONOMOS ESPAÑOLES PENSIONISTAS,"1,462",0.0001,0,0.0001
2000_03,NACIONAL,2000,3,USI,UNION SALMANTINA INDEPENDIENTE,"1,416",0.0001,0,0.0001
2000_03,NACIONAL,2000,3,SIEX,SOCIALISTAS INDEPENDIENTES DE EXTREMADURA,"1,412",0.0001,0,0.0001
2000_03,NACIONAL,2000,3,PRIM,PARTIDO REGIONAL INDEPENDIENTE MADRILEÑO,"1,363",0.0001,0,0.0001
2000_03,NACIONAL,2000,3,PNCA,PARTIDO NACIONALISTA CALO,"1,331",0.0001,0,0.0001
2000_03,NACIONAL,2000,3,PB,PARTIDO DE EL BIERZO,"1,191",0.0001,0,0.0001
2000_03,NACIONAL,2000,3,BIA,BLOQUE DE LA IZQUIERDA ASTURIANA,"1,085",0,0,0
2000_03,NACIONAL,2000,3,INAR,INICIATIVA ARAGONESA,"1,057",0,0,0
2000_03,NACIONAL,2000,3,UP-CAN,UNIDAD PROGRESISTAS DE CANARIAS,980,0,0,0
2000_03,NACIONAL,2000,3,ENV,ESQUERRA NACIONALISTA VALENCIANA,920,0,0,0
2000_03,NACIONAL,2000,3,URAL,UNION REGIONALISTA ALMERIENSE,838,0,0,0
2000_03,NACIONAL,2000,3,PSPC,PARTIDO SOCIALISTA DEL PUEBLO DE CEUTA,788,0,0,0
2000_03,NACIONAL,2000,3,N,ESTADO NACIONAL EUROPEO,710,0,0,0
2000_03,NACIONAL,2000,3,CSD-L,COALICION SOCIAL DEMOCRATA Y LIBERAL,650,0,0,0
2000_03,NACIONAL,2000,3,CCS,CONVERGENCIA CIUDADANA DEL SURESTE,645,0,0,0
2000_03,NACIONAL,2000,3,PF,PROGRESISTAS FEDERALES,609,0,0,0
2000_03,NACIONAL,2000,3,NR,NUEVA REGION,598,0,0,0
2000_03,NACIONAL,2000,3,PPCR,PARTIDO POSITIVISTA CRISTIANO,546,0,0,0
2000_03,NACIONAL,2000,3,UPB,UNION DEL PUEBLO BALEAR,524,0,0,0
2000_03,NACIONAL,2000,3,VDPA,VOZ DEL PUEBLO ANDALUZ,493,0,0,0
2000_03,NACIONAL,2000,3,II,INICIATIVA INDEPENDIENTE,425,0,0,0
2000_03,NACIONAL,2000,3,PRGU,PARTIDO REGIONALISTA DE GUADALAJARA,400,0,0,0
2000_03,NACIONAL,2000,3,UNIB,UNION IBERICA,388,0,0,0
2000_03,NACIONAL,2000,3,FN,FUERZA NUEVA,343,0,0,0
2000_03,NACIONAL,2000,3,ALAS,AGRUPACION LIBERAL AUTONOMISTA Y SOCIAL,339,0,0,0
2000_03,NACIONAL,2000,3,PRIB,PARTIDO RENOVADOR DE LAS ISLAS BALEARES,334,0,0,0
2000_03,NACIONAL,2000,3,TPC,TAGOROR PENSIONISTA DE CANARIAS,319,0,0,0
2000_03,NACIONAL,2000,3,UN,UNION NACIONAL,314,0,0,0
2000_03,NACIONAL,2000,3,CIVES,CIVES,206,0,0,0
2000_03,NACIONAL,2000,3,MASH,MOVIMIENTO AL SOCIALISMO HUMANISTA,121,0,0,0
2000_03,NACIONAL,2000,3,PDEP,PARTIDO DEMOCRATICO DEL PUEBLO,85,0,0,0
2000_03,NACIONAL,2000,3,AN,APROME NACIONALISTA,60,0,0,0
2000_03,NACIONAL,2000,3,EH,EUSKAL HERRITARROK,0,0,0,0
2004_03,NACIONAL,2004,3,PSOE,PARTIDO SOCIALISTA OBRERO ESPAÑOL,"11,026,163",0.4259,0.3189,0.4327
2004_03,NACIONAL,2004,3,PP,PARTIDO POPULAR,"9,763,144",0.3771,0.2824,0.3831
2004_03,NACIONAL,2004,3,IU,IZQUIERDA UNIDA,"1,284,081",0.0496,0.0371,0.0504
2004_03,NACIONAL,2004,3,CiU,CONVERGENCIA i UNIO,"835,471",0.0323,0.0242,0.0328
2004_03,NACIONAL,2004,3,ERC,ESQUERRA REPUBLICANA DE CATALUNYA,"652,196",0.0252,0.0189,0.0256
2004_03,NACIONAL,2004,3,EAJ-PNV,EUSKO ALDERDI JELTZALEA-PARTIDO NACIONALISTA VASCO,"420,980",0.0163,0.0122,0.0165
2004_03,NACIONAL,2004,3,CC,COALICION CANARIA,"235,221",0.0091,0.0068,0.0092
2004_03,NACIONAL,2004,3,BNG,BLOQUE NACIONALISTA GALEGO,"208,688",0.0081,0.006,0.0082
2004_03,NACIONAL,2004,3,PA,PARTIDO ANDALUCISTA,"181,868",0.007,0.0053,0.0071
2004_03,NACIONAL,2004,3,CHA,CHUNTA ARAGONESISTA,"94,252",0.0036,0.0027,0.0037
2004_03,NACIONAL,2004,3,EA,EUSKO ALKARTASUNA,"80,905",0.0031,0.0023,0.0032
2004_03,NACIONAL,2004,3,Na-Bai,NAFARROA BAI,"61,045",0.0024,0.0018,0.0024
2004_03,NACIONAL,2004,3,BLOC-EV,BLOC NACIONALISTA VALENCIA-ESQUERRA VERDA,"40,759",0.0016,0.0012,0.0016
2004_03,NACIONAL,2004,3,"PSM-EN,EU,EV,ER","PSM-ENTESA NACIONALISTA,ESQUERRA UNIDA,E.VERDS,ERC","40,289",0.0016,0.0012,0.0016
2004_03,NACIONAL,2004,3,CENB,CIUDADANOS EN BLANCO,"40,208",0.0016,0.0012,0.0016
2004_03,NACIONAL,2004,3,ARALAR-ZUTIK,ARALAR-ZUTIK,"38,560",0.0015,0.0011,0.0015
2004_03,NACIONAL,2004,3,LV-E,LOS VERDES-ECOPACIFISTAS,"37,499",0.0014,0.0011,0.0015
2004_03,NACIONAL,2004,3,PAR,PARTIDO ARAGONES,"36,540",0.0014,0.0011,0.0014
2004_03,NACIONAL,2004,3,CDS,CENTRO DEMOCRATICO Y SOCIAL,"34,101",0.0013,0.001,0.0013
2004_03,NACIONAL,2004,3,EV-AE,ELS VERDS-L'ALTERNATIVA ECOLOGISTA,"30,528",0.0012,0.0009,0.0012
2004_03,NACIONAL,2004,3,PSA,PARTIDO SOCIALISTA DE ANDALUCIA,"24,127",0.0009,0.0007,0.0009
2004_03,NACIONAL,2004,3,PH,PARTIDO HUMANISTA,"21,758",0.0008,0.0006,0.0009
2004_03,NACIONAL,2004,3,LVCM,LOS VERDES DE LA COMUNIDAD DE MADRID,"19,600",0.0008,0.0006,0.0008
2004_03,NACIONAL,2004,3,IR,IZQUIERDA REPUBLICANA,"16,993",0.0007,0.0005,0.0007
2004_03,NACIONAL,2004,3,P.CANNABIS,PART. CANNABIS POR LA LEGALIZACION Y NORMALIZACION,"16,918",0.0007,0.0005,0.0007
2004_03,NACIONAL,2004,3,PFyV,PARTIDO FAMILIA Y VIDA,"16,699",0.0006,0.0005,0.0007
2004_03,NACIONAL,2004,3,DN,DEMOCRACIA NACIONAL,"15,180",0.0006,0.0004,0.0006
2004_03,NACIONAL,2004,3,UPL,UNION DEL PUEBLO LEONES,"14,160",0.0005,0.0004,0.0006
2004_03,NACIONAL,2004,3,PCPE,PARTIDO COMUNISTA DE LOS PUEBLOS DE ESPAÑA,"12,979",0.0005,0.0004,0.0005
2004_03,NACIONAL,2004,3,LV-GV,LOS VERDES-GRUPO VERDE,"12,749",0.0005,0.0004,0.0005
2004_03,NACIONAL,2004,3,FE de las JONS,FALANGE ESPAÑOLA DE LAS JONS,"12,266",0.0005,0.0004,0.0005
2004_03,NACIONAL,2004,3,UM,UNIO MALLORQUINA,"10,558",0.0004,0.0003,0.0004
2004_03,NACIONAL,2004,3,FE,LA FALANGE,"10,311",0.0004,0.0003,0.0004
2004_03,NACIONAL,2004,3,TC-PNC,TIERRA COMUNERA-PARTIDO NACIONALISTA CASTELLANO,"8,866",0.0003,0.0003,0.0003
2004_03,NACIONAL,2004,3,POSI,PARTIDO OBRERO SOCIALISTA INTERNACIONALISTA,"8,003",0.0003,0.0002,0.0003
2004_03,NACIONAL,2004,3,LVRM,LOS VERDES,"7,074",0.0003,0.0002,0.0003
2004_03,NACIONAL,2004,3,MSR,MOVIMIENTO SOCIAL REPUBLICANO,"6,768",0.0003,0.0002,0.0003
2004_03,NACIONAL,2004,3,PADE,PARTIDO DEMOCRATA ESPAÑOL,"5,677",0.0002,0.0002,0.0002
2004_03,NACIONAL,2004,3,CDN,CONVERGENCIA DE DEMOCRATAS DE NAVARRA,"5,573",0.0002,0.0002,0.0002
2004_03,NACIONAL,2004,3,VERDES,LOS VERDES DE ASTURIES,"5,013",0.0002,0.0001,0.0002
2004_03,NACIONAL,2004,3,FA,FALANGE AUTENTICA,"4,589",0.0002,0.0001,0.0002
2004_03,NACIONAL,2004,3,PAS,PARTIU ASTURIANISTA,"4,292",0.0002,0.0001,0.0002
2004_03,NACIONAL,2004,3,ESPAÑA 2000,ESPAÑA 2000,"4,231",0.0002,0.0001,0.0002
2004_03,NACIONAL,2004,3,PNC,PARTIDO NACIONALISTA CANARIO,"4,092",0.0002,0.0001,0.0002
2004_03,NACIONAL,2004,3,EU,EXTREMADURA UNIDA,"3,916",0.0002,0.0001,0.0002
2004_03,NACIONAL,2004,3,LV,LOS VERDES DE EXTREMADURA,"3,133",0.0001,0.0001,0.0001
2004_03,NACIONAL,2004,3,AU.TO.NO.MO,PARTIDO DE LOS AUTONOMOS Y PROFESIONALES,"3,124",0.0001,0.0001,0.0001
2004_03,NACIONAL,2004,3,I.DE.S.,INICIATIVA POR EL DESARROLLO DE SORIA,"2,934",0.0001,0.0001,0.0001
2004_03,NACIONAL,2004,3,A,ASAMBLEA DE ANDALUCIA,"2,930",0.0001,0.0001,0.0001
2004_03,NACIONAL,2004,3,APCa,ALTERNATIVA POPULAR CANARIA,"2,715",0.0001,0.0001,0.0001
2004_03,NACIONAL,2004,3,GVE,GRUPO VERDE EUROPEO,"2,662",0.0001,0.0001,0.0001
2004_03,NACIONAL,2004,3,CI,CAND. INDEPENDIENTE-EL PARTIDO DE CASTILLA Y LEON,"2,421",0.0001,0.0001,0.0001
2004_03,NACIONAL,2004,3,Ei,ESCONS INSUBMISOS-ALT. DELS DEMOCRATES DESCONTENTS,"2,332",0.0001,0.0001,0.0001
2004_03,NACIONAL,2004,3,PKD,PARTIDO DEL KARMA DEMOCRATICO,"2,300",0.0001,0.0001,0.0001
2004_03,NACIONAL,2004,3,FPG,FRENTE POPULAR GALEGA,"2,257",0.0001,0.0001,0.0001
2004_03,NACIONAL,2004,3,CG,COALICION GALEGA,"2,235",0.0001,0.0001,0.0001
2004_03,NACIONAL,2004,3,ADN,ALIANZA PARA EL DESARROLLO Y LA NATURALEZA,"2,215",0.0001,0.0001,0.0001
2004_03,NACIONAL,2004,3,PTPRE,PARTIDO DE LOS TRABAJADORES EN PRECARIO,"2,115",0.0001,0.0001,0.0001
2004_03,NACIONAL,2004,3,IRV,IDENTIDAD REINO DE VALENCIA,"2,111",0.0001,0.0001,0.0001
2004_03,NACIONAL,2004,3,PAE,PARTIDO DE LOS AUTONOMOS JUBILADOS Y VIUDAS,"2,082",0.0001,0.0001,0.0001
2004_03,NACIONAL,2004,3,AA,ANDECHA ASTUR,"1,970",0.0001,0.0001,0.0001
2004_03,NACIONAL,2004,3,UPSa,UNION DEL PUEBLO SALMANTINO,"1,871",0.0001,0.0001,0.0001
2004_03,NACIONAL,2004,3,EV-AV,ELS VERDS-ALTERNATIVA VERDA,"1,836",0.0001,0.0001,0.0001
2004_03,NACIONAL,2004,3,PC,PARTIDO CARLISTA,"1,813",0.0001,0.0001,0.0001
2004_03,NACIONAL,2004,3,PMAR,PARTIDO DEL MUTUO APOYO ROMANTICO,"1,561",0.0001,0,0.0001
2004_03,NACIONAL,2004,3,CNC,CONCEJU NACIONALIEGU CANTABRU,"1,431",0.0001,0,0.0001
2004_03,NACIONAL,2004,3,PREPAL,"SALAMANCA, ZAMORA, LEON PREPAL","1,322",0.0001,0,0.0001
2004_03,NACIONAL,2004,3,OtraDem,OTRA DEMOCRACIA ES POSIBLE,"1,302",0.0001,0,0.0001
2004_03,NACIONAL,2004,3,ASI,AGRUPACION SOCIAL INDEPENDIENTE,"1,237",0,0,0
2004_03,NACIONAL,2004,3,PSICV,P.SOCIALDEMOCRATA IND. DE LA COMUNITAT VALENCIANA,"1,096",0,0,0
2004_03,NACIONAL,2004,3,PRF,PARTIDO REPUBLICANO,"1,051",0,0,0
2004_03,NACIONAL,2004,3,AxGC,ALTERNATIVA POR GRAN CANARIA,957,0,0,0
2004_03,NACIONAL,2004,3,AUN,ALIANZA POR LA UNIDAD NACIONAL,923,0,0,0
2004_03,NACIONAL,2004,3,A-IZ,ASAMBLEA DE IZQUIERDAS-INICIATIVA POR ANDALUCIA,901,0,0,0
2004_03,NACIONAL,2004,3,PPCr,PARTIDO POSITIVISTA CRISTIANO,892,0,0,0
2004_03,NACIONAL,2004,3,IAS,IZQUIERDA ASTURIANA,854,0,0,0
2004_03,NACIONAL,2004,3,PSPC,PARTIDO SOCIALISTA DEL PUEBLO DE CEUTA,807,0,0,0
2004_03,NACIONAL,2004,3,UCL,UNION CENTRISTA LIBERAL,798,0,0,0
2004_03,NACIONAL,2004,3,PNCA,PARTIDO NACIONALISTA CALO,757,0,0,0
2004_03,NACIONAL,2004,3,ZU,ZAMORA UNIDA,754,0,0,0
2004_03,NACIONAL,2004,3,UCM,UNIO CENTRISTES DE MENORCA,751,0,0,0
2004_03,NACIONAL,2004,3,L.I. (LIT-CI),LUCHA INTERNACIONALISTA,668,0,0,0
2004_03,NACIONAL,2004,3,FDE,FRENTE DEMOCRATICO ESPAÑOL,619,0,0,0
2004_03,NACIONAL,2004,3,Ud Ca,UNIDAD CASTELLANA,601,0,0,0
2004_03,NACIONAL,2004,3,PSDA,PARTIDO SOCIAL-DEMOCRATA ANDALUZ,583,0,0,0
2004_03,NACIONAL,2004,3,AMAGA,ALTERNATIVA MAGA NACIONALISTA,468,0,0,0
2004_03,NACIONAL,2004,3,UPB,UNION DEL PUEBLO BALEAR,411,0,0,0
2004_03,NACIONAL,2004,3,N,ESTADO NACIONAL EUROPEO,410,0,0,0
2004_03,NACIONAL,2004,3,TD,COALICIO TREBALLADORS PER LA DEMOCRACIA,407,0,0,0
2004_03,NACIONAL,2004,3,PNT,PARTIDO NACIONAL DE LOS TRABAJADORES,379,0,0,0
2004_03,NACIONAL,2004,3,LG,PARTIDO DE LA GENTE,378,0,0,0
2004_03,NACIONAL,2004,3,PRGU,PARTIDO REGIONALISTA DE GUADALAJARA,330,0,0,0
2004_03,NACIONAL,2004,3,UN,UNION NACIONAL,318,0,0,0
2004_03,NACIONAL,2004,3,CCSE,CONVERGENCIA CIUDADANA DEL SURESTE,308,0,0,0
2004_03,NACIONAL,2004,3,PDN,PARTIDO DEMOCRATA NACIONAL DE ESPAÑA,232,0,0,0
2004_03,NACIONAL,2004,3,GPHAE,GRUPO POLITICO HONRADEZ ABSOLUTA ESPAÑOLA,52,0,0,0
2008_03,NACIONAL,2008,3,P.S.O.E.,PARTIDO SOCIALISTA OBRERO ESPAÑOL,"11,289,335",0.4387,0.3219,0.4436
2008_03,NACIONAL,2008,3,P.P.,PARTIDO POPULAR,"10,278,010",0.3994,0.293,0.4039
2008_03,NACIONAL,2008,3,I.U.,IZQUIERDA UNIDA,"969,946",0.0377,0.0277,0.0381
2008_03,NACIONAL,2008,3,CiU,CONVERGENCIA I UNIO,"779,425",0.0303,0.0222,0.0306
2008_03,NACIONAL,2008,3,EAJ-PNV,EUZKO ALDERDI JELTZALEA-PARTIDO NACIONALISTA VASCO,"306,128",0.0119,0.0087,0.012
2008_03,NACIONAL,2008,3,UPyD,UNION PROGRESO Y DEMOCRACIA,"306,079",0.0119,0.0087,0.012
2008_03,NACIONAL,2008,3,ESQUERRA,ESQUERRA REPUBLICANA DE CATALUNYA,"298,139",0.0116,0.0085,0.0117
2008_03,NACIONAL,2008,3,B.N.G.,BLOQUE NACIONALISTA GALEGO,"212,543",0.0083,0.0061,0.0084
2008_03,NACIONAL,2008,3,CC-PNC,COALICION CANARIA-PARTIDO NACIONALISTA CANARIO,"174,629",0.0068,0.005,0.0069
2008_03,NACIONAL,2008,3,CA,COALICION ANDALUCISTA,"68,679",0.0027,0.002,0.0027
2008_03,NACIONAL,2008,3,NA-BAI,NAFARROA BAI,"62,398",0.0024,0.0018,0.0025
2008_03,NACIONAL,2008,3,EA,EUSKO ALKARTASUNA,"50,371",0.002,0.0014,0.002
2008_03,NACIONAL,2008,3,C's,CIUDADANOS-PARTIDO DE LA CIUDADANIA,"46,313",0.0018,0.0013,0.0018
2008_03,NACIONAL,2008,3,PACMA,PARTIDO ANTITAURINO CONTRA EL MALTRATO ANIMAL,"44,795",0.0017,0.0013,0.0018
2008_03,NACIONAL,2008,3,VERDES,LOS VERDES,"41,531",0.0016,0.0012,0.0016
2008_03,NACIONAL,2008,3,PAR,PARTIDO ARAGONES,"40,054",0.0016,0.0011,0.0016
2008_03,NACIONAL,2008,3,CHA,CHUNTA ARAGONESISTA,"38,202",0.0015,0.0011,0.0015
2008_03,NACIONAL,2008,3,NC-CCN,NUEVA CANARIAS-CENTRO CANARIO,"38,024",0.0015,0.0011,0.0015
2008_03,NACIONAL,2008,3,LV-GV,LOS VERDES-GRUPO VERDE,"30,840",0.0012,0.0009,0.0012
2008_03,NACIONAL,2008,3,aralar,ARALAR,"29,989",0.0012,0.0009,0.0012
2008_03,NACIONAL,2008,3,BLOC-IDPV-EV-EE,BLOC-INICIATIVA-VERDS,"29,760",0.0012,0.0008,0.0012
2008_03,NACIONAL,2008,3,UNITAT PER LES ILLES,UNITAT PER LES ILLES,"25,454",0.001,0.0007,0.001
2008_03,NACIONAL,2008,3,PUM+J,POR UN MUNDO MAS JUSTO,"23,318",0.0009,0.0007,0.0009
2008_03,NACIONAL,2008,3,LVE,LOS VERDES DE EUROPA,"20,419",0.0008,0.0006,0.0008
2008_03,NACIONAL,2008,3,P.S.D.,PARTIDO SOCIAL DEMOCRATA,"20,126",0.0008,0.0006,0.0008
2008_03,NACIONAL,2008,3,P.C.P.E.,PARTIDO COMUNISTA DE LOS PUEBLOS DE ESPAÑA,"20,030",0.0008,0.0006,0.0008
2008_03,NACIONAL,2008,3,CENB,CIUDADANOS EN BLANCO,"14,193",0.0006,0.0004,0.0006
2008_03,NACIONAL,2008,3,FE de las JONS,FALANGE ESPAÑOLA DE LAS J.O.N.S.,"14,023",0.0005,0.0004,0.0006
2008_03,NACIONAL,2008,3,D.N.,DEMOCRACIA NACIONAL,"12,836",0.0005,0.0004,0.0005
2008_03,NACIONAL,2008,3,EV-AE,ELS VERDS - L'ALTERNATIVA ECOLOGISTA,"12,561",0.0005,0.0004,0.0005
2008_03,NACIONAL,2008,3,PFyV,FAMILIA Y VIDA,"9,882",0.0004,0.0003,0.0004
2008_03,NACIONAL,2008,3,PH,PARTIDO HUMANISTA,"9,056",0.0004,0.0003,0.0004
2008_03,NACIONAL,2008,3,PdeAL,PARTIDO DE ALMERIA,"8,451",0.0003,0.0002,0.0003
2008_03,NACIONAL,2008,3,EV-LV,ELS VERDS-LOS VERDES,"7,824",0.0003,0.0002,0.0003
2008_03,NACIONAL,2008,3,RCN-NOK,REPRESENTACION CANNABICA NAVARRA,"7,769",0.0003,0.0002,0.0003
2008_03,NACIONAL,2008,3,P.O.S.I.,PARTIDO OBRERO SOCIALISTA INTERNACIONALISTA,"7,386",0.0003,0.0002,0.0003
2008_03,NACIONAL,2008,3,AES,ALTERNATIVA ESPAÑOLA,"7,300",0.0003,0.0002,0.0003
2008_03,NACIONAL,2008,3,E-2000,ESPAÑA 2000,"6,906",0.0003,0.0002,0.0003
2008_03,NACIONAL,2008,3,RC,PARTIT REPUBLICA CATALA,"6,746",0.0003,0.0002,0.0003
2008_03,NACIONAL,2008,3,CVa,COALICIO VALENCIANA,"5,424",0.0002,0.0002,0.0002
2008_03,NACIONAL,2008,3,Ei,EI ESCONS INSUBMISOS-ALTERNATIVA DELS DEMOCRATES DESCONTENTS,"5,035",0.0002,0.0001,0.0002
2008_03,NACIONAL,2008,3,TC,TIERRA COMUNERA,"4,796",0.0002,0.0001,0.0002
2008_03,NACIONAL,2008,3,F.A.,FALANGE AUTENTICA,"4,607",0.0002,0.0001,0.0002
2008_03,NACIONAL,2008,3,UPL,UNION DEL PUEBLO LEONES,"4,509",0.0002,0.0001,0.0002
2008_03,NACIONAL,2008,3,SAIn,SOLIDARIDAD Y AUTOGESTION INTERNACIONALISTA,"3,885",0.0002,0.0001,0.0002
2008_03,NACIONAL,2008,3,AMD,ALTERNATIVA MOTOR Y DEPORTES,"3,829",0.0001,0.0001,0.0002
2008_03,NACIONAL,2008,3,PDLPEA,PARTIDO DE LOS PENSIONISTAS EN ACCION,"3,050",0.0001,0.0001,0.0001
2008_03,NACIONAL,2008,3,IR,IZQUIERDA REPUBLICANA,"2,899",0.0001,0.0001,0.0001
2008_03,NACIONAL,2008,3,PARTIDO RIOJANO,PARTIDO RIOJANO,"2,837",0.0001,0.0001,0.0001
2008_03,NACIONAL,2008,3,A.u.N.,ALIANZA NACIONAL,"2,737",0.0001,0.0001,0.0001
2008_03,NACIONAL,2008,3,ABLA,ALTERNATIVA EN BLANCO,"2,460",0.0001,0.0001,0.0001
2008_03,NACIONAL,2008,3,EXTREMADURA UNIDA,EXTREMADURA UNIDA,"2,346",0.0001,0.0001,0.0001
2008_03,NACIONAL,2008,3,E.V.-A.V.,ELS VERDS-ALTERNATIVA VERDA,"2,028",0.0001,0.0001,0.0001
2008_03,NACIONAL,2008,3,P.C.,PARTIDO CARLISTA,"1,956",0.0001,0.0001,0.0001
2008_03,NACIONAL,2008,3,PxCat,PARTIT PER CATALUNYA,"1,919",0.0001,0.0001,0.0001
2008_03,NACIONAL,2008,3,PNF (NO-FUMADORES),PARTIDO DE LOS NO-FUMADORES,"1,616",0.0001,0,0.0001
2008_03,NACIONAL,2008,3,ULEG,UNION POR LEGANES,"1,566",0.0001,0,0.0001
2008_03,NACIONAL,2008,3,FRENTE,FRENTE ESPAÑOL,"1,539",0.0001,0,0.0001
2008_03,NACIONAL,2008,3,C.D.L.,CENTRO DEMOCRATICO LIBERAL,"1,503",0.0001,0,0.0001
2008_03,NACIONAL,2008,3,O.N.V.,OPCIO NACIONALISTA VALENCIANA,"1,490",0.0001,0,0.0001
2008_03,NACIONAL,2008,3,C.D.S.,CENTRO DEMOCRATICO SOCIAL,"1,362",0.0001,0,0.0001
2008_03,NACIONAL,2008,3,AA,ANDECHA ASTUR,"1,299",0.0001,0,0.0001
2008_03,NACIONAL,2008,3,PREPAL,PARTIDO REGIONALISTA DEL PAIS LEONES,"1,278",0,0,0.0001
2008_03,NACIONAL,2008,3,C.D.Es.,CENTRO DEMOCRATICO ESPAÑOL,"1,047",0,0,0
2008_03,NACIONAL,2008,3,ANC,ALTERNATIVA NACIONALISTA CANARIA,"1,017",0,0,0
2008_03,NACIONAL,2008,3,PLCI,PARTIDO DE LAS LIBERTADES CIVILES,888,0,0,0
2008_03,NACIONAL,2008,3,UNIDA,UNIDA,848,0,0,0
2008_03,NACIONAL,2008,3,P.L.E.V.E.,PARTIDO LIBERAL DEL EMPLEO Y LA VIVIENDA ESTATAL,786,0,0,0
2008_03,NACIONAL,2008,3,LI-LITCI,LUCHA INTERNACIONALISTA,722,0,0,0
2008_03,NACIONAL,2008,3,UNIDAD DEL PUEBLO,UNIDAD DEL PUEBLO,699,0,0,0
2008_03,NACIONAL,2008,3,plRV,PER LA REPUBLICA VALENCIANA,645,0,0,0
2008_03,NACIONAL,2008,3,Centristas PCTR,PARTIDO CENTRISTAS,509,0,0,0
2008_03,NACIONAL,2008,3,MUPC,MOVIMIENTO POR LA UNIDAD DEL PUEBLO CANARIO,497,0,0,0
2008_03,NACIONAL,2008,3,pCUA,PARTIDO CIUDADANOS UNIDOS DE ARAGON,475,0,0,0
2008_03,NACIONAL,2008,3,UCPIC,UNION CIUDADANA PROGRESISTAS INDEPENDIENTES DE CANARIAS,464,0,0,0
2008_03,NACIONAL,2008,3,IRV,IDENTITAT REGNE DE VALENCIA,449,0,0,0
2008_03,NACIONAL,2008,3,U.R.C.L.,UNIDAD REGIONALISTA DE CASTILLA Y LEON,423,0,0,0
2008_03,NACIONAL,2008,3,PUEDE,PARTIDO UNIONISTA ESTADO DE ESPAÑA,414,0,0,0
2008_03,NACIONAL,2008,3,PB-UB,GENTES DE EL BIERZO,385,0,0,0
2008_03,NACIONAL,2008,3,PIIB,PARTIT ILLENC DE SES ILLES BALEARS,360,0,0,0
2008_03,NACIONAL,2008,3,PPCr,PARTIDO POSITIVISTA CRISTIANO,300,0,0,0
2008_03,NACIONAL,2008,3,C.T.C.,COMUNION TRADICIONALISTA CARLISTA,218,0,0,0
2008_03,NACIONAL,2008,3,CDAS,CONVERGENCIA DEMOCRATICA ASTURIANA,216,0,0,0
2008_03,NACIONAL,2008,3,I.M.C.,INICIATIVA MERINDADES DE CASTILLA,202,0,0,0
2008_03,NACIONAL,2008,3,Ud Ca,UNIDAD CASTELLANA,198,0,0,0
2008_03,NACIONAL,2008,3,PAIE,PARTIDO DE ALIANZA IBEROAMERICANA EUROPEA,174,0,0,0
2008_03,NACIONAL,2008,3,TD,COALICIO TREBALLADORS PER LA DEMOCRACIA,159,0,0,0
2008_03,NACIONAL,2008,3,P.R.GU.,PARTIDO REGIONALISTA DE GUADALAJARA,152,0,0,0
2008_03,NACIONAL,2008,3,ABA,ALIANÇA BALEAR,145,0,0,0
2008_03,NACIONAL,2008,3,AVE,ASAMBLEA DE VOTACION ELECTRONICA,144,0,0,0
2008_03,NACIONAL,2008,3,UCL,UNION CENTRISTA LIBERAL,124,0,0,0
2008_03,NACIONAL,2008,3,AxB,ALIANZA POR BURGOS,123,0,0,0
2008_03,NACIONAL,2008,3,I.C.Bur,INICIATIVA CIUDADANA BURGALESA,109,0,0,0
2008_03,NACIONAL,2008,3,N som,NOSALTRES SOM,105,0,0,0
2008_03,NACIONAL,2008,3,ixC,INDEPENDIENTES POR CUENCA,100,0,0,0
2008_03,NACIONAL,2008,3,AGRUCI,AGRUPACION CIUDADANA,79,0,0,0
2008_03,NACIONAL,2008,3,M.F.E.,MOVIMIENTO FALANGISTA DE ESPAÑA,68,0,0,0
2008_03,NACIONAL,2008,3,PHache,PARTIDO HACHE,0,0,0,0
2016_06,NACIONAL,2016,6,PP,PARTIDO POPULAR,"7,941,236",0.3301,0.2174,0.3326
2016_06,NACIONAL,2016,6,PSOE,PARTIDO SOCIALISTA OBRERO ESPAÑOL,"5,443,846",0.2263,0.1491,0.228
2016_06,NACIONAL,2016,6,PODEMOS-IU-EQUO,UNIDOS PODEMOS,"3,227,123",0.1342,0.0884,0.1352
2016_06,NACIONAL,2016,6,C's,CIUDADANOS-PARTIDO DE LA CIUDADANÍA,"3,141,570",0.1306,0.086,0.1316
2016_06,NACIONAL,2016,6,ECP,EN COMÚ PODEM-GUANYEM EL CANVI,"853,102",0.0355,0.0234,0.0357
2016_06,NACIONAL,2016,6,PODEMOS-COM,COMPROMÍS-PODEMOS-EUPV: A LA VALENCIANA,"659,771",0.0274,0.0181,0.0276
2016_06,NACIONAL,2016,6,ERC-CATSÍ,ESQUERRA REPUBLICANA/CATALUNYA SÍ,"632,234",0.0263,0.0173,0.0265
2016_06,NACIONAL,2016,6,CDC,CONVERGÈNCIA DEMOCRÀTICA DE CATALUNYA,"483,488",0.0201,0.0132,0.0203
2016_06,NACIONAL,2016,6,PODEMOS-EN MAREA-ANOVA-EU,EN MAREA,"347,542",0.0144,0.0095,0.0146
2016_06,NACIONAL,2016,6,EAJ-PNV,EUZKO ALDERDI JELTZALEA-PARTIDO NACIONALISTA VASCO,"287,014",0.0119,0.0079,0.012
2016_06,NACIONAL,2016,6,PACMA,PARTIDO ANIMALISTA CONTRA EL MALTRATO ANIMAL,"286,702",0.0119,0.0079,0.012
2016_06,NACIONAL,2016,6,EH Bildu,EUSKAL HERRIA BILDU,"184,713",0.0077,0.0051,0.0077
2016_06,NACIONAL,2016,6,CCa-PNC,COALICIÓN CANARIA-PARTIDO NACIONALISTA CANARIO,"78,253",0.0033,0.0021,0.0033
2016_06,NACIONAL,2016,6,RECORTES CERO-GRUPO VERDE,RECORTES CERO-GRUPO VERDE,"51,907",0.0022,0.0014,0.0022
2016_06,NACIONAL,2016,6,UPyD,UNIÓN PROGRESO Y DEMOCRACIA,"50,247",0.0021,0.0014,0.0021
2016_06,NACIONAL,2016,6,VOX,VOX,"47,182",0.002,0.0013,0.002
2016_06,NACIONAL,2016,6,BNG-NÓS,BNG-NÓS CANDIDATURA GALEGA,"45,252",0.0019,0.0012,0.0019
2016_06,NACIONAL,2016,6,PCPE,PARTIDO COMUNISTA DE LOS PUEBLOS DE ESPAÑA,"26,627",0.0011,0.0007,0.0011
2016_06,NACIONAL,2016,6,GBAI,GEROA BAI,"14,343",0.0006,0.0004,0.0006
2016_06,NACIONAL,2016,6,EB,ESCAÑOS EN BLANCO,"11,669",0.0005,0.0003,0.0005
2016_06,NACIONAL,2016,6,FE de las J,FALANGE ESPAÑOLA DE LAS JONS,"9,909",0.0004,0.0003,0.0004
2016_06,NACIONAL,2016,6,SI,SOBIRANIA PER A LES ILLES,"7,418",0.0003,0.0002,0.0003
2016_06,NACIONAL,2016,6,SOMVAL,SOM VALENCIANS,"6,647",0.0003,0.0002,0.0003
2016_06,NACIONAL,2016,6,CCD,CIUDADANOS DE CENTRO DEMOCRÁTICO,"6,273",0.0003,0.0002,0.0003
2016_06,NACIONAL,2016,6,SAIn,SOLIDARIDAD Y AUTOGESTIÓN INTERNACIONALISTA,"3,110",0.0001,0.0001,0.0001
2016_06,NACIONAL,2016,6,PH,PARTIDO HUMANISTA,"3,012",0.0001,0.0001,0.0001
2016_06,NACIONAL,2016,6,CENTRO MODERADO,LOS VERDES-ECOPACIFISTAS,"3,011",0.0001,0.0001,0.0001
2016_06,NACIONAL,2016,6,P-LIB,PARTIDO LIBERTARIO,"2,996",0.0001,0.0001,0.0001
2016_06,NACIONAL,2016,6,CCD-CI,CIUDADANOS DE CENTRO DEMOCRÁTICO-CANDIDATURA INDEP,"2,672",0.0001,0.0001,0.0001
2016_06,NACIONAL,2016,6,UPL,UNIÓN DEL PUEBLO LEONÉS,"2,295",0.0001,0.0001,0.0001
2016_06,NACIONAL,2016,6,PCOE,PARTIDO COMUNISTA OBRERO ESPAÑOL,"1,822",0.0001,0,0.0001
2016_06,NACIONAL,2016,6,AND,PARTIDO SOMOS ANDALUCES POR ANDALUCÍA Y LOS PUEBLO,"1,727",0.0001,0,0.0001
2016_06,NACIONAL,2016,6,JXC,JUNTOS POR CANARIAS,"1,190",0,0,0
2016_06,NACIONAL,2016,6,PFyV,FAMILIA Y VIDA,846,0,0,0
2016_06,NACIONAL,2016,6,CILUS,CIUDADANOS LIBRES UNIDOS,830,0,0,0
2016_06,NACIONAL,2016,6,PxC,PLATAFORMA PER CATALUNYA,724,0,0,0
2016_06,NACIONAL,2016,6,MAS,MOVIMIENTO ARAGONÉS SOCIAL,723,0,0,0
2016_06,NACIONAL,2016,6,IZAR,IZQUIERDA ANTICAPITALISTA REVOLUCIONARIA,687,0,0,0
2016_06,NACIONAL,2016,6,UNIDAD DEL PUEBLO,UNIDAD DEL PUEBLO,686,0,0,0
2016_06,NACIONAL,2016,6,PREPAL,PARTIDO REGIONALISTA DEL PAÍS LEONÉS,668,0,0,0
2016_06,NACIONAL,2016,6,Ln,"LIBERTAD NAVARRA, LIBERTATE NAFARRA",622,0,0,0
2016_06,NACIONAL,2016,6,REPO,RENOVACIO POLITICA,570,0,0,0
2016_06,NACIONAL,2016,6,INDEPENDIEN,INDEPENDIENTES POR ARAGÓN,550,0,0,0
2016_06,NACIONAL,2016,6,ENTABAN,ENTABAN,377,0,0,0
2016_06,NACIONAL,2016,6,IMC,INICIATIVA MERINDADES DE CASTILLA,356,0,0,0
2016_06,NACIONAL,2016,6,PUEDE,PARTIDO UNIONISTA ESTADO DE ESPAÑA,336,0,0,0
2016_06,NACIONAL,2016,6,FE,LA FALANGE,254,0,0,0
2016_06,NACIONAL,2016,6,ALCD,ALIANZA DE CENTRO DEMOCRÁTICO,214,0,0,0
2016_06,NACIONAL,2016,6,FME,LA FUERZA DE LOS MAYORES DE ESPAÑA,200,0,0,0
2016_06,NACIONAL,2016,6,HRTS-Ln,HEGOALDE RIOJA-LIBERTAD NAVARRA,80,0,0,0
2016_06,NACIONAL,2016,6,UDT,UNIÓN DE TODOS,48,0,0,0
2015_12,NACIONAL,2015,12,PP,PARTIDO POPULAR,"7,236,965",0.2871,0.1982,0.2892
2015_12,NACIONAL,2015,12,PSOE,PARTIDO SOCIALISTA OBRERO ESPAÑOL,"5,545,315",0.22,0.1519,0.2216
2015_12,NACIONAL,2015,12,C's,CIUDADANOS-PARTIDO DE LA CIUDADANÍA,"3,514,528",0.1394,0.0963,0.1405
2015_12,NACIONAL,2015,12,PODEMOS,PODEMOS,"3,198,584",0.1269,0.0876,0.1278
2015_12,NACIONAL,2015,12,EN COMÚ,"""EN COMÚ PODEM""","929,880",0.0369,0.0255,0.0372
2015_12,NACIONAL,2015,12,IU-UPeC,"UNIDAD POPULAR: IZQUIERDA UNIDA, UNIDAD POPULAR EN","926,783",0.0368,0.0254,0.037
2015_12,NACIONAL,2015,12,PODEMOS-COM,COMPROMÍS-PODEMOS-ÉS EL MOMENT,"673,549",0.0267,0.0184,0.0269
2015_12,NACIONAL,2015,12,ERC-CATSI,ESQUERRA REPUBLICANA DE CATALUNYA-CATALUNYA SÍ,"601,782",0.0239,0.0165,0.024
2015_12,NACIONAL,2015,12,DL,DEMOCRÀCIA I LLIBERTAT. CONVERGÈNCIA. DEMÒCRATES.,"567,253",0.0225,0.0155,0.0227
2015_12,NACIONAL,2015,12,PODEMOS-En,EN MAREA,"410,698",0.0163,0.0112,0.0164
2015_12,NACIONAL,2015,12,EAJ-PNV,EUZKO ALDERDI JELTZALEA-PARTIDO NACIONALISTA VASCO,"302,316",0.012,0.0083,0.0121
2015_12,NACIONAL,2015,12,PACMA,PARTIDO ANIMALISTA CONTRA EL MALTRATO ANIMAL,"220,369",0.0087,0.006,0.0088
2015_12,NACIONAL,2015,12,EH Bildu,EUSKAL HERRIA BILDU,"219,125",0.0087,0.006,0.0088
2015_12,NACIONAL,2015,12,UPYD,UNIÓN PROGRESO Y DEMOCRACIA,"155,153",0.0062,0.0042,0.0062
2015_12,NACIONAL,2015,12,CCa-PNC,COALICIÓN CANARIA - PARTIDO NACIONALISTA CANARIO,"81,917",0.0032,0.0022,0.0033
2015_12,NACIONAL,2015,12,NÓS,NÓS-CANDIDATURA GALEGA (BNG-CG-FOGA-PCPG-PG),"70,863",0.0028,0.0019,0.0028
2015_12,NACIONAL,2015,12,unio.cat,UNIÓ DEMOCRÀTICA DE CATALUNYA,"65,388",0.0026,0.0018,0.0026
2015_12,NACIONAL,2015,12,VOX,VOX,"58,114",0.0023,0.0016,0.0023
2015_12,NACIONAL,2015,12,RECORTES CE,RECORTES CERO-GRUPO VERDE,"48,675",0.0019,0.0013,0.0019
2015_12,NACIONAL,2015,12,MÉS,MÉS,"33,877",0.0013,0.0009,0.0014
2015_12,NACIONAL,2015,12,PCPE,PARTIDO COMUNISTA DE LOS PUEBLOS DE ESPAÑA,"31,179",0.0012,0.0009,0.0012
2015_12,NACIONAL,2015,12,GBAI,GEROA BAI,"30,642",0.0012,0.0008,0.0012
2015_12,NACIONAL,2015,12,EL PI,EL PI - PROPOSTA PER LES ILLES,"12,910",0.0005,0.0004,0.0005
2015_12,NACIONAL,2015,12,CCD,CIUDADANOS DE CENTRO DEMOCRÁTICO,"10,827",0.0004,0.0003,0.0004
2015_12,NACIONAL,2015,12,EB,ESCAÑOS EN BLANCO,"10,084",0.0004,0.0003,0.0004
2015_12,NACIONAL,2015,12,FE de las J,FALANGE ESPAÑOLA DE LAS J.O.N.S.,"7,495",0.0003,0.0002,0.0003
2015_12,NACIONAL,2015,12,X LA IZQUIE,X LA IZQUIERDA-LOS VERDES,"7,314",0.0003,0.0002,0.0003
2015_12,NACIONAL,2015,12,SOMVAL,SOM VALENCIANS,"6,103",0.0002,0.0002,0.0002
2015_12,NACIONAL,2015,12,PUM+J,POR UN MUNDO MÁS JUSTO,"4,586",0.0002,0.0001,0.0002
2015_12,NACIONAL,2015,12,SAIn,SOLIDARIDAD Y AUTOGESTIÓN INTERNACIONALISTA,"4,400",0.0002,0.0001,0.0002
2015_12,NACIONAL,2015,12,CENTRO MODE,LOS VERDES-ECOPACIFISTAS,"3,278",0.0001,0.0001,0.0001
2015_12,NACIONAL,2015,12,PT,PARTIDO DA TERRA,"3,026",0.0001,0.0001,0.0001
2015_12,NACIONAL,2015,12,CANARIAS DE,"CANARIAS DECIDE: LOS VERDES, UNIDAD DEL PUEBLO Y A","2,883",0.0001,0.0001,0.0001
2015_12,NACIONAL,2015,12,P-LIB,PARTIDO LIBERTARIO,"2,854",0.0001,0.0001,0.0001
2015_12,NACIONAL,2015,12,PH,PARTIDO HUMANISTA,"2,846",0.0001,0.0001,0.0001
2015_12,NACIONAL,2015,12,ARAPV,"ARA, PAÍS VALENCIÀ","2,503",0.0001,0.0001,0.0001
2015_12,NACIONAL,2015,12,EU-eX,EXTREMADURA UNIDA-EXTREMEÑOS,"2,021",0.0001,0.0001,0.0001
2015_12,NACIONAL,2015,12,PCOE,PARTIDO COMUNISTA OBRERO ESPAÑOL,"1,909",0.0001,0.0001,0.0001
2015_12,NACIONAL,2015,12,DN,DEMOCRACIA NACIONAL,"1,704",0.0001,0,0.0001
2015_12,NACIONAL,2015,12,IFem,INICIATIVA FEMINISTA,"1,604",0.0001,0,0.0001
2015_12,NACIONAL,2015,12,PREPAL,PARTIDO REGIONALISTA DEL PAÍS LEONES,"1,419",0.0001,0,0.0001
2015_12,NACIONAL,2015,12,EN POSITIU,EN POSITIU,"1,276",0.0001,0,0.0001
2015_12,NACIONAL,2015,12,CILUS,CIUDADANOS LIBRES UNIDOS,"1,189",0,0,0
2015_12,NACIONAL,2015,12,CRA,CIUDADANOS RURALES AGRUPADOS,"1,032",0,0,0
2015_12,NACIONAL,2015,12,Ln,"LIBERTAD NAVARRA, LIBERTATE NAFARRA","1,026",0,0,0
2015_12,NACIONAL,2015,12,AVANT,AVANT VALENCIANS,"1,003",0,0,0
2015_12,NACIONAL,2015,12,mlgXSÍ,MÁLAGA POR SÍ,934,0,0,0
2015_12,NACIONAL,2015,12,PFyV,FAMILIA Y VIDA,714,0,0,0
2015_12,NACIONAL,2015,12,AJU,ANDALUCES DE JAÉN UNIDOS,711,0,0,0
2015_12,NACIONAL,2015,12,Independien,INDEPENDIENTES POR ARAGÓN,676,0,0,0
2015_12,NACIONAL,2015,12,FDEE,FORO DEMÓCRATA,456,0,0,0
2015_12,NACIONAL,2015,12,SOLUCIONA,SOLUCIONA,409,0,0,0
2015_12,NACIONAL,2015,12,"JS,PC","JUSTIZIA SOCIAL, PARTICIPACIÓN CIUDADANA",406,0,0,0
2015_12,NACIONAL,2015,12,+MAS+,MUERTE AL SISTEMA,313,0,0,0
2015_12,NACIONAL,2015,12,PLD,PARTIDO LIBERAL DE DERECHAS,205,0,0,0
2015_12,NACIONAL,2015,12,OE,ONGI ETORRI,110,0,0,0
2011_11,NACIONAL,2011,11,PP,PARTIDO POPULAR,"10,866,566",0.4463,0.3037,0.4525
2011_11,NACIONAL,2011,11,PSOE,PARTIDO SOCIALISTA OBRERO ESPAÑOL,"7,003,511",0.2876,0.1957,0.2916
2011_11,NACIONAL,2011,11,IU-LV,IZQUIERDA UNIDA-LOS VERDES: LA IZQUIERDA PLURAL,"1,686,040",0.0692,0.0471,0.0702
2011_11,NACIONAL,2011,11,UPyD,UNIÓN PROGRESO Y DEMOCRACIA,"1,143,225",0.047,0.032,0.0476
2011_11,NACIONAL,2011,11,CiU,CONVERGÈNCIA I UNIÓ,"1,015,691",0.0417,0.0284,0.0423
2011_11,NACIONAL,2011,11,AMAIUR,AMAIUR,"334,498",0.0137,0.0093,0.0139
2011_11,NACIONAL,2011,11,EAJ-PNV,EUZKO ALDERDI JELTZALEA-PARTIDO NACIONALISTA VASCO,"324,317",0.0133,0.0091,0.0135
2011_11,NACIONAL,2011,11,ESQUERRA,ESQUERRA REPUBLICANA,"256,985",0.0106,0.0072,0.0107
2011_11,NACIONAL,2011,11,EQUO,EQUO,"216,748",0.0089,0.0061,0.009
2011_11,NACIONAL,2011,11,BNG,BLOQUE NACIONALISTA GALEGO,"184,037",0.0076,0.0051,0.0077
2011_11,NACIONAL,2011,11,CC-NC-PNC,COALICIÓN CANARIA-NUEVA CANARIAS,"143,881",0.0059,0.004,0.006
2011_11,NACIONAL,2011,11,COMPROMÍS-Q,BLOC-INICIATIVA-VERDS-EQUO-COALICIÓ COMPROMÍS,"125,306",0.0051,0.0035,0.0052
2011_11,NACIONAL,2011,11,PACMA,PARTIDO ANIMALISTA CONTRA EL MALTRATO ANIMAL,"102,144",0.0042,0.0029,0.0043
2011_11,NACIONAL,2011,11,FAC,FORO DE CIUDADANOS,"99,473",0.0041,0.0028,0.0041
2011_11,NACIONAL,2011,11,Eb,ESCAÑOS EN BLANCO,"97,673",0.004,0.0027,0.0041
2011_11,NACIONAL,2011,11,PA,PARTIDO ANDALUCISTA,"76,999",0.0032,0.0022,0.0032
2011_11,NACIONAL,2011,11,PxC,PLATAFORMA PER CATALUNYA,"59,949",0.0025,0.0017,0.0025
2011_11,NACIONAL,2011,11,P.R.C.,PARTIDO REGIONALISTA DE CANTABRIA,"44,010",0.0018,0.0012,0.0018
2011_11,NACIONAL,2011,11,GBAI,GEROA BAI,"42,415",0.0017,0.0012,0.0018
2011_11,NACIONAL,2011,11,PUM+J,POR UN MUNDO MÁS JUSTO,"27,210",0.0011,0.0008,0.0011
2011_11,NACIONAL,2011,11,P.C.P.E.,PARTIDO COMUNISTA DE LOS PUEBLOS DE ESPAÑA,"26,254",0.0011,0.0007,0.0011
2011_11,NACIONAL,2011,11,ANTICAPITAL,ANTICAPITALISTAS,"22,289",0.0009,0.0006,0.0009
2011_11,NACIONAL,2011,11,PIRATA.CAT,PIRATES DE CATALUNYA,"21,876",0.0009,0.0006,0.0009
2011_11,NACIONAL,2011,11,UCE,UNIFICACIÓN COMUNISTA DE ESPAÑA,"15,869",0.0007,0.0004,0.0007
2011_11,NACIONAL,2011,11,PH,PARTIDO HUMANISTA,"10,132",0.0004,0.0003,0.0004
2011_11,NACIONAL,2011,11,ESPAÑA 2000,ESPAÑA 2000,"9,266",0.0004,0.0003,0.0004
2011_11,NACIONAL,2011,11,SAIn,SOLIDARIDAD Y AUTOGESTION INTERNACIONALISTA,"6,863",0.0003,0.0002,0.0003
2011_11,NACIONAL,2011,11,RPS,REPUBLICANOS,"5,430",0.0002,0.0002,0.0002
2011_11,NACIONAL,2011,11,HARTOS.ORG,HARTOS.ORG,"3,820",0.0002,0.0001,0.0002
2011_11,NACIONAL,2011,11,PIRATA,PARTIDO PIRATA,"3,426",0.0001,0.0001,0.0001
2011_11,NACIONAL,2011,11,ANC,ALTERNATIVA NACIONALISTA CANARIA,"3,180",0.0001,0.0001,0.0001
2011_11,NACIONAL,2011,11,FE de las J,FALANGE ESPAÑOLA DE LAS J.O.N.S.,"2,898",0.0001,0.0001,0.0001
2011_11,NACIONAL,2011,11,C.D.L.,CENTRO DEMOCRATICO LIBERAL,"2,848",0.0001,0.0001,0.0001
2011_11,NACIONAL,2011,11,PCAS,PARTIDO CASTELLANO,"2,431",0.0001,0.0001,0.0001
2011_11,NACIONAL,2011,11,UxV,UNITS X VALENCIA,"2,210",0.0001,0.0001,0.0001
2011_11,NACIONAL,2011,11,P-LIB,PARTIDO DE LA LIBERTAD INDIVIDUAL,"2,065",0.0001,0.0001,0.0001
2011_11,NACIONAL,2011,11,PREPAL,PARTIDO REGIONALISTA DEL PAIS LEONES,"2,058",0.0001,0.0001,0.0001
2011_11,NACIONAL,2011,11,POSI,PARTIDO OBRERO SOCIALISTA INTERNACIONALISTA,"2,007",0.0001,0.0001,0.0001
2011_11,NACIONAL,2011,11,D.N.,DEMOCRACIA NACIONAL,"1,867",0.0001,0.0001,0.0001
2011_11,NACIONAL,2011,11,PRAO,PARTIDO REGIONALISTA POR ANDALUCIA ORIENTAL,"1,784",0.0001,0,0.0001
2011_11,NACIONAL,2011,11,Caballas,COALICION CABALLAS,"1,712",0.0001,0,0.0001
2011_11,NACIONAL,2011,11,C.XXI,CONVERXENCIA VINTEÚN,"1,443",0.0001,0,0.0001
2011_11,NACIONAL,2011,11,UNIDAD DEL PUEBLO,UNIDAD DEL PUEBLO,"1,138",0,0,0
2011_11,NACIONAL,2011,11,CEx,CONVERGENCIA POR EXTREMADURA,"1,090",0,0,0
2011_11,NACIONAL,2011,11,ANDECHA,ANDECHA ASTUR,"1,087",0,0,0
2011_11,NACIONAL,2011,11,CCD,CIUDADANOS DE CENTRO DEMOCRÁTICO,"1,074",0,0,0
2011_11,NACIONAL,2011,11,ACIMA,ACCION CIUDADANA POR MALAGA,966,0,0,0
2011_11,NACIONAL,2011,11,PFyV,FAMILIA Y VIDA,829,0,0,0
2011_11,NACIONAL,2011,11,+MAS+,MUERTE AL SISTEMA,791,0,0,0
2011_11,NACIONAL,2011,11,U.C.I.T.,UNION DE CIUDADANOS INDEPENDIENTES DE TOLEDO,785,0,0,0
2011_11,NACIONAL,2011,11,DeC,DEMOS EL CAMBIO,778,0,0,0
2011_11,NACIONAL,2011,11,CYD,FORO CENTRO Y DEMOCRACIA,720,0,0,0
2011_11,NACIONAL,2011,11,U.R.C.L.,UNIDAD REGIONALISTA DE CASTILLA Y LEON,709,0,0,0
2011_11,NACIONAL,2011,11,P.R.D.E.,PARTIDO PARA LA REGENERACION DE LA DEMOCRACIA EN E,678,0,0,0
2011_11,NACIONAL,2011,11,INTERNET,PARTIDO DE INTERNET,603,0,0,0
2011_11,NACIONAL,2011,11,PRE-R,PARTIT REPUBLICÀ D'ESQUERRA-REPUBLICANS,419,0,0,0
2011_11,NACIONAL,2011,11,BASTA YA,"BASTA YA, AGRUPACIÓN ABIERTA DE PARTIDOS POLÍTICOS",380,0,0,0
2011_11,NACIONAL,2011,11,PDYC,PARTIDO DEMOCRATICO Y CONSTITUCIONAL,304,0,0,0
2011_11,NACIONAL,2011,11,LV-GV,LOS VERDES-GRUPO VERDE,293,0,0,0
2011_11,NACIONAL,2011,11,H.D.,HIGIENE DEMOCRATICA,206,0,0,0
2011_11,NACIONAL,2011,11,SXT,SOCIALISTAS POR TERUEL,169,0,0,0
2011_11,NACIONAL,2011,11,DNE,DERECHA NAVARRA Y ESPAÑOLA,0,0,0,0
